isqno,War,Battle Name,Location,Campaign,Attacker Win,Dry/Wet,High/Low Precipitaton/Sunny/Cloudy,"Temperature (Hot, Cold, Temperate)",Season,Tropical/Desert/Temperate,Attacker 1,Attacker 2,Attacker 3,Attacker 4,Actor 1,Actor 2,Actor 3,Actor 4
1.0,NETHERLAND'S WAR OF INDEPENDENCE,NIEUPORT,SPANISH FLANDERS,NIEUPORT 1600,-1.0,D,S,T,S,T,0.0,1.0,,,Dutch Republic,Spain,,
2.0,THIRTY YEAR'S WAR,WHITE MOUNTAIN,BOHEMIA,BOHEMIA 1620,1.0,D,S,T,W,T,0.0,1.0,,,Bohemia,Holy Roman Empire,,
3.0,THIRTY YEAR'S WAR,WIMPFEN,PALATINATE,PALATINATE 1622,1.0,D,S,H,$,T,1.0,0.0,1.0,,Holy Roman Empire,Protestant Union,Spain,
4.0,THIRTY YEAR'S WAR,DESSAU BRIDGE,ANHALT,DANISH INVASION OF GERMANY 1625-26,-1.0,D,S,T,$,T,0.0,1.0,,,Holy Roman Empire,Protestant Union,,
5.0,THIRTY YEAR'S WAR,LUTTER,BRUNSWICK,DANISH INVASION OF GERMANY 1625-26,1.0,D,S,T,S,T,0.0,1.0,,,Denmark,Holy Roman Empire,,
6.0,THIRTY YEAR'S WAR,BREITENFELD I,SAXONY,LEIPZIG 1631,-1.0,D,S,T,F,T,1.0,0.0,,,Holy Roman Empire,Sweden,,
7.0,THIRTY YEAR'S WAR,THE LECH,BAVARIA,BAVARIA 1632,1.0,D,S,T,$,T,0.0,1.0,,,Holy Roman Empire,Sweden,,
8.0,THIRTY YEAR'S WAR,ALTE VESTE,FRANCONIA,NUREMBERG 1632,-1.0,W,L,T,F,T,0.0,1.0,,,Holy Roman Empire,Sweden,,
9.0,THIRTY YEAR'S WAR,LUETZEN,SAXONY,SAXONY 1632,1.0,D,S,T,F,T,0.0,1.0,,,Holy Roman Empire,Sweden,,
10.0,THIRTY YEAR'S WAR,NORDLINGEN I,BAVARIA,BAVARIA 1634,-1.0,D,S,T,F,T,0.0,0.0,1.0,,Holy Roman Empire,Spain,Sweden,
11.0,THIRTY YEAR'S WAR,WITTSTOCK,BRANDENBURG,E GERMANY 1636,1.0,D,S,T,F,T,0.0,0.0,1.0,,Holy Roman Empire,Saxony,Sweden,
12.0,THIRTY YEAR'S WAR,BREITENFELD II,SAXONY,SAXONY 1642,1.0,D,S,T,F,T,0.0,1.0,,,Holy Roman Empire,Sweden,,
13.0,THIRTY YEAR'S WAR,ROCROI,FRANCE,NE FRANCE 1643,1.0,D,S,T,$,T,1.0,0.0,,,France,Spain,,
14.0,THIRTY YEAR'S WAR,TUTTLINGEN,WUERTTEMBERG,SWABIA 1643,1.0,D,S,T,F,T,0.0,1.0,,,France,Holy Roman Empire,,
15.0,THIRTY YEAR'S WAR,FREIBURG,SWABIA,SWABIA 1644,1.0,D,S,T,S,T,1.0,0.0,,,France,Holy Roman Empire,,
16.0,THIRTY YEAR'S WAR,JANKAU,BOHEMIA,BOHEMIA 1645,-1.0,D,S,T,$,T,1.0,0.0,,,Holy Roman Empire,Sweden,,
17.0,THIRTY YEAR'S WAR,MERGENTHEIM,BAVARIA,BAVARIA 1645,1.0,D,S,T,$,T,0.0,1.0,,,France,Holy Roman Empire,,
18.0,THIRTY YEAR'S WAR,ALLERHEIM (NORDLINGEN II),BAVARIA,BAVARIA 1645,1.0,D,S,T,S,T,1.0,0.0,,,France,Holy Roman Empire,,
19.0,THIRTY YEAR'S WAR,LENS,FRANCE,NE FRANCE 1648,1.0,D,S,T,S,T,1.0,0.0,,,France,Holy Roman Empire,,
20.0,ENGLISH CIVIL WAR,EDGEHILL,ENGLAND,EDGEHILL,1.0,D,S,T,F,T,0.0,1.0,,,Parliamentarian,Royalist,,
21.0,ENGLISH CIVIL WAR,MARSTON MOOR,ENGLAND,YORK,1.0,W,H,T,S,T,0.0,1.0,,,Royalist,Royalist,,
22.0,ENGLISH CIVIL WAR,TIPPERMUIR,SCOTLAND,ABERDEEN,-1.0,D,S,T,F,T,1.0,0.0,,,Parliamentarian,Royalist,,
23.0,ENGLISH CIVIL WAR,KILSYTH,SCOTLAND,KILSYTH,1.0,D,S,T,S,T,0.0,1.0,,,Parliamentarian,Royalist,,
24.0,ENGLISH CIVIL WAR,NEWBURY II,ENGLAND,NEWBURY II,-1.0,D,S,T,F,T,1.0,0.0,,,Parliamentarian,Royalist,,
25.0,ENGLISH CIVIL WAR,NASEBY,ENGLAND,NASEBY,-1.0,D,S,T,S,T,0.0,1.0,,,Parliamentarian,Royalist,,
26.0,SECOND ENGLISH CIVIL WAR,PRESTON,ENGLAND,PRESTON,1.0,W,H,T,S,T,1.0,0.0,,,English Parliament,Scottish Royalist,,
27.0,SECOND ENGLISH CIVIL WAR,DUNBAR,SCOTLAND,DUNBAR,1.0,W,L,T,F,T,1.0,0.0,,,English Parliament,Scottish Royalist,,
28.0,SECOND ENGLISH CIVIL WAR,WORCESTER,ENGLAND,WORCESTER,1.0,D,S,T,F,T,1.0,0.0,,,English Parliament,Scottish Royalist,,
29.0,THE FRONDE,ST. ANTOINE,FRANCE,THE FRONDE,1.0,D,S,H,S,T,0.0,1.0,,,Conde Rebels,France,,
30.0,FRANCO-SPANISH WAR,THE DUNES,SPANISH NETHERLANDS,DUNKIRK 1658,1.0,D,S,T,S,T,1.0,0.0,,,France,Spain,,
31.0,AUSTRO-TURKISH WAR,THE RAAB,HUNGARY,HUNGARY 1664,-1.0,D,S,T,S,T,0.0,1.0,,,Holy Roman Empire,Ottoman Empire,,
32.0,AUSTRO-TURKISH WAR,VIENNA,AUSTRIA,AUSTRIA 1683,1.0,D,S,T,F,T,1.0,0.0,,,Holy Roman Empire,Ottoman Empire,,
33.0,POLISH-TURKISH WAR,CHOCIM II,POLAND,CHOCIM,1.0,W,L,C,F,T,0.0,1.0,,,Ottoman Empire,Poland,,
34.0,DUTCH WAR,SINSHEIM,GERMANY,RHINELAND 1674,1.0,D,S,T,S,T,1.0,0.0,,,France,Holy Roman Empire,,
35.0,DUTCH WAR,SENEF,SPANISH NETHERLANDS,SPANISH NETHERLANDS 1674,1.0,D,S,T,S,T,0.0,1.0,,,Dutch Republic,France,,
36.0,DUTCH WAR,ENZHEIM,GERMANY,RHINELAND 1674,0.0,W,H,T,F,T,1.0,0.0,,,France,Holy Roman Empire,,
37.0,DUTCH WAR,TURCKHEIM,GERMANY,RHINELAND 1675,1.0,D,S,T,W,T,1.0,0.0,,,France,Holy Roman Empire,,
38.0,DUTCH WAR,FEHRBELLIN,BRANDENBURG,BRANDENBURG 1675,1.0,D,S,T,S,T,1.0,0.0,,,Prussia,Sweden,,
39.0,MONMOUTH'S REBELLION,SEDGEMOOR,ENGLAND,SEDGEMOOR,-1.0,W,L,T,S,T,0.0,1.0,,,England,English Rebels,,
40.0,KING WILLIAM'S WAR,KILLIECRANKIE,SCOTLAND,KILLIECRANKIE,1.0,D,S,T,S,T,0.0,1.0,,,England,Jacobites,,
41.0,KING WILLIAM'S WAR,WALCOURT,FRANCE,FLANDERS 1689,-1.0,D,S,T,S,T,0.0,1.0,,,Dutch Republic,France,,
42.0,KING WILLIAM'S WAR,FLEURUS,NETHERLANDS,FLEURUS 1690,1.0,D,S,T,S,T,0.0,1.0,,,Dutch Republic,France,,
43.0,KING WILLIAM'S WAR,THE BOYNE,IRELAND,BOYNE,1.0,D,S,T,S,T,1.0,0.0,,,England,Jacobites,,
44.0,KING WILLIAM'S WAR,AUGHRIM,IRELAND,AUGHRIM,1.0,D,S,T,S,T,1.0,0.0,,,England,Jacobites,,
45.0,KING WILLIAM'S WAR,STEENKERKE,SPANISH NETHERLANDS,FLANDERS 1692,-1.0,W,L,T,S,T,1.0,0.0,,,England,France,,
46.0,KING WILLIAM'S WAR,NEERWINDEN (LANDEN),SPANISH NETHERLANDS,FLANDERS 1693,1.0,D,S,T,S,T,0.0,1.0,,,England,France,,
47.0,KING WILLIAM'S WAR,MARSAGLIA,PIEDMONT,PIEDMONT 1693,1.0,D,S,T,F,T,1.0,0.0,,,France,Savoy,,
48.0,AUSTRO-TURKISH WAR,ZENTA,HUNGARY,HUNGARY 1697,1.0,D,S,T,F,T,1.0,0.0,,,Holy Roman Empire,Ottoman Empire,,
49.0,GREAT NORTHERN WAR,POLTAVA,RUSSIA,POLTAVA,-1.0,D,S,T,S,T,0.0,1.0,,,Russia,Sweden,,
50.0,WAR OF THE SPANISH SUCCESSION,BLENHEIM,BAVARIA,BLENHEIM,1.0,D,S,T,S,T,0.0,1.0,0.0,1.0,Bavaria,England,France,Holy Roman Empire
51.0,WAR OF THE SPANISH SUCCESSION,RAMILLIES,SPANISH NETHERLANDS,RAMILLIES,1.0,D,S,T,$,T,0.0,1.0,0.0,,Bavaria,England,France,
52.0,WAR OF THE SPANISH SUCCESSION,OUDENARDE,SPANISH NETHERLANDS,OUDENARDE,1.0,D,S,T,S,T,1.0,0.0,1.0,,England,France,Holy Roman Empire,
53.0,WAR OF THE SPANISH SUCCESSION,MALPLAQUET,SPANISH NETHERLANDS,MALPLAQUET,1.0,D,S,T,F,T,1.0,0.0,1.0,,England,France,Holy Roman Empire,
54.0,AUSTRO-TURKISH WAR,PETERWARDEIN,KINGDOM OF HUNGARY,HUNGARY 1716,1.0,D,S,T,S,T,1.0,0.0,,,Habsburg Empire,Ottoman Empire,,
55.0,WAR OF THE AUSTRIAN SUCCESSION,MOLLWITZ,SILESIA,SILESIAN,-1.0,W,L,C,$,T,1.0,0.0,,,Habsburg Empire,Prussia,,
56.0,WAR OF THE AUSTRIAN SUCCESSION,CHOTUSITZ,BOHEMIA,BOHEMIA 1742,-1.0,D,S,T,$,T,1.0,0.0,,,Habsburg Empire,Prussia,,
57.0,WAR OF THE AUSTRIAN SUCCESSION,DETTINGEN,BAVARIA,DETTINGEN,1.0,D,S,T,S,T,0.0,1.0,,,France,Great Britain,,
58.0,WAR OF THE AUSTRIAN SUCCESSION,FONTENOY,AUSTRIAN NETHERLANDS,FONTENOY,-1.0,D,S,T,$,T,0.0,1.0,,,France,Great Britain,,
59.0,WAR OF THE AUSTRIAN SUCCESSION,HOHENFRIEDBERG,SILESIA,HOHENFRIEDBERG,1.0,D,S,T,S,T,0.0,1.0,,,Habsburg Empire,Prussia,,
60.0,WAR OF THE AUSTRIAN SUCCESSION,SOOR,SILESIA,SOOR,1.0,D,S,T,F,T,0.0,1.0,,,Habsburg Empire,Prussia,,
61.0,WAR OF THE AUSTRIAN SUCCESSION,KESSELDORF,SAXONY,ELBE,1.0,D,S,T,W,T,1.0,0.0,,,Prussia,Saxony,,
62.0,JACOBITE REBELLION,PRESTONPANS,SCOTLAND,PRESTONPANS,1.0,D,S,T,F,T,0.0,1.0,,,Great Britain,Jacobites,,
63.0,JACOBITE REBELLION,CULLODEN,SCOTLAND,CULLODEN,-1.0,W,L,C,$,T,0.0,1.0,,,Great Britain,Jacobites,,
64.0,THE SEVEN YEAR'S WAR,LOBOSITZ,BOHEMIA,PIRNA-LOBOSITZ,1.0,D,S,T,F,T,0.0,1.0,,,Austria,Prussia,,
65.0,THE SEVEN YEAR'S WAR,PRAGUE,BOHEMIA,BOHEMIA 1757,1.0,D,S,T,S,T,0.0,1.0,,,Austria,Prussia,,
66.0,THE SEVEN YEAR'S WAR,PLASSEY,BENGAL,W BENGAL,-1.0,W,H,T,S,E,1.0,0.0,,,Bengal,Great Britain,,
67.0,THE SEVEN YEAR'S WAR,KOLIN,BOHEMIA,BOHEMIA 1757,-1.0,D,S,T,S,T,0.0,1.0,,,Austria,Prussia,,
68.0,THE SEVEN YEAR'S WAR,HASTENBECK,HONAOVER,HASTENBECK,1.0,D,S,H,S,T,1.0,0.0,,,France,Great Britain,,
69.0,THE SEVEN YEAR'S WAR,ROSSBACH,SAXONY,ROSSBACH,-1.0,D,S,T,F,T,1.0,1.0,0.0,,Austria,France,Prussia,
70.0,THE SEVEN YEAR'S WAR,LEUTHEN,SILESIA,LEUTHEN,1.0,W,L,T,W,T,0.0,1.0,,,Austria,Prussia,,
71.0,THE SEVEN YEAR'S WAR,CREFELD,WESTPHALIA,RHINELAND 1758,1.0,D,S,T,S,T,0.0,1.0,,,France,Hanover,,
72.0,THE SEVEN YEAR'S WAR,ZORNDORF,PRUSSIA,ZORNDORF,1.0,D,S,T,S,T,1.0,0.0,,,Prussia,Russia,,
73.0,THE SEVEN YEAR'S WAR,HOCHKIRCH,SAXONY,HOCHKIRK,1.0,W,L,T,F,T,1.0,0.0,,,Austria,Prussia,,
74.0,THE SEVEN YEAR'S WAR,BERGEN,RHINELAND,BERGEN,-1.0,D,S,T,S,T,0.0,1.0,,,France,Hanover,,
75.0,THE SEVEN YEAR'S WAR,MINDEN,RHINELAND,MINDEN,1.0,W,H,T,F,T,0.0,1.0,,,France,Hanover,,
76.0,THE SEVEN YEAR'S WAR,KUNERSDORF,PRUSSIA,KUNERSDORF,-1.0,D,S,H,S,T,1.0,0.0,,,Prussia,Russia,,
77.0,THE SEVEN YEAR'S WAR,PLAINS OF ABRAHAM (QUEBEC),CANADA,QUEBEC,-1.0,D,S,T,F,T,1.0,0.0,,,France,Great Britain,,
78.0,THE SEVEN YEAR'S WAR,MAXEN,SAXONY,MAXEN,1.0,D,S,T,F,T,1.0,0.0,,,Austria,Prussia,,
79.0,THE SEVEN YEAR'S WAR,WARBURG,WESTPHALIA,HONOVER 1760,1.0,W,L,T,S,T,0.0,1.0,,,France,Hanover,,
80.0,THE SEVEN YEAR'S WAR,LIEGNITZ,SILESIA,SILESIA 1760,-1.0,D,S,T,S,T,1.0,0.0,,,Austria,Prussia,,
81.0,THE SEVEN YEAR'S WAR,TORGAU,SILESIA,SILESIA 1760,1.0,W,L,C,F,T,0.0,1.0,,,Austria,Prussia,,
82.0,AMERICAN REVOLUTION,BUNKER HILL,MASSACHUSETTS,SIEGE OF BOSTON,1.0,D,S,T,S,T,1.0,0.0,,,Great Britain,USA,,
83.0,AMERICAN REVOLUTION,QUEBEC,CANADA,CANADA INVASION 1775-76,-1.0,W,L,C,W,T,0.0,1.0,,,Great Britain,USA,,
84.0,AMERICAN REVOLUTION,WHITE PLAINS,NEW YORK,NEW YORK 1776,1.0,D,S,T,F,T,1.0,0.0,,,Great Britain,USA,,
85.0,AMERICAN REVOLUTION,TRENTON,NEW JERSEY,NEW JERSEY 1776-77,1.0,W,L,C,W,T,0.0,1.0,,,Great Britain,USA,,
86.0,AMERICAN REVOLUTION,PRINCETON,NEW JERSEY,NEW JERSEY 1776-77,1.0,D,,C,W,T,0.0,1.0,,,Great Britain,USA,,
87.0,AMERICAN REVOLUTION,FREEMAN'S FARM,NEW YORK,SARATOGA,0.0,D,S,T,F,T,1.0,0.0,,,Great Britain,USA,,
88.0,AMERICAN REVOLUTION,GERMANTOWN,PENNSYLVANIA,PHILADELPHIA 1777-78,-1.0,W,L,T,F,T,0.0,1.0,,,Great Britain,USA,,
89.0,AMERICAN REVOLUTION,BEMIS HEIGHTS,NEW YORK,SARATOGA,-1.0,D,S,T,F,T,1.0,0.0,,,Great Britain,USA,,
90.0,AMERICAN REVOLUTION,MONMOUTH COURT HOUSE,NEW JERSEY,NEW JERSEY 1778,0.0,D,S,H,S,T,1.0,0.0,,,Great Britain,USA,,
91.0,AMERICAN REVOLUTION,CAMDEN,SOUTH CAROLINA,CAMDEN,1.0,D,S,T,S,T,1.0,0.0,,,Great Britain,USA,,
92.0,AMERICAN REVOLUTION,COWPENS,SOUTH CAROLINA,SOUTHERN 1780-81,-1.0,D,S,T,W,T,1.0,0.0,,,Great Britain,USA,,
93.0,AMERICAN REVOLUTION,GUILFORD COURT HOUSE,NORTH CAROLINA,SOUTHERN 1780-81,1.0,D,S,T,$,T,1.0,0.0,,,Great Britain,USA,,
94.0,AMERICAN REVOLUTION,HOBKIRK'S HILL,SOUTH CAROLINA,SOUTHERN 1780-81,1.0,D,S,T,$,T,1.0,0.0,,,Great Britain,USA,,
95.0,AMERICAN REVOLUTION,EUTAW SPRINGS,SOUTH CAROLINA,SOUTHERN 1780-81,-1.0,D,S,T,F,T,0.0,1.0,,,Great Britain,USA,,
96.0,WAR OF THE FIRST COALITION,VALMY,FRANCE,FRANCE 1792,-1.0,D,,T,S,T,0.0,1.0,,,France,Prussia,,
97.0,WAR OF THE FIRST COALITION,JEMAPPES,AUSTRIAN NETHERLANDS,FLANDERS 1792,1.0,D,S,T,F,T,0.0,1.0,,,Austria,France,,
98.0,WAR OF THE FIRST COALITION,NEERWINDEN,AUSTRIAN NETHERLANDS,FLANDERS 1793,-1.0,D,S,T,$,T,0.0,1.0,,,Austria,France,,
99.0,WAR OF THE FIRST COALITION,HONDSCHOOTE,FRANCE,FLANDERS 1793,1.0,D,S,T,S,T,1.0,0.0,,,France,Great Britain,,
100.0,WAR OF THE FIRST COALITION,WATTIGNIES,AUSTRIAN NETHERLANDS,FLANDERS 1793,1.0,D,S,T,F,T,0.0,1.0,,,Austria,France,,
101.0,WAR OF THE FIRST COALITION,FLEURUS,AUSTRIAN NETHERLANDS,FLANDERS 1794,-1.0,D,S,T,S,T,1.0,0.0,,,Austria,France,,
102.0,WAR OF THE FIRST COALITION,LODI,NORTH ITALY,ITALY 1796,1.0,D,S,T,S,T,0.0,1.0,,,Austria,France,,
103.0,WAR OF THE FIRST COALITION,CASTIGLIONE,NORTH ITALY,ITALY 1796,1.0,D,S,T,S,T,0.0,1.0,,,Austria,France,,
104.0,WAR OF THE FIRST COALITION,NERESHEIM,GERMANY,GERMANY 1796,1.0,W,H,T,S,T,1.0,0.0,,,Austria,France,,
105.0,WAR OF THE FIRST COALITION,WUERZBURG,GERMANY,GERMANY 1796,1.0,D,S,T,S,T,1.0,0.0,,,Austria,France,,
106.0,WAR OF THE FIRST COALITION,ARCOLA,NORTH ITALY,ITALY 1796,1.0,D,S,T,F,T,0.0,1.0,,,Austria,France,,
107.0,WAR OF THE FIRST COALITION,RIVOLI,NORTH ITALY,ITALY 1797,-1.0,D,,T,W,T,1.0,0.0,,,Austria,France,,
108.0,WAR OF THE FIRST COALITION,PYRAMIDS,EGYPT,EGYPT,1.0,D,S,H,S,T,1.0,0.0,,,France,Ottoman Empire,,
109.0,WAR OF THE SECOND COALITION,STOCKACH I,GERMANY,GERMANY 1799,-1.0,D,S,T,$,T,0.0,1.0,,,Austria,France,,
110.0,WAR OF THE FIRST COALITION,MOUNT TABOR,PALESTINE,EGYPT (PALESTINE),-1.0,D,S,H,$,T,0.0,1.0,,,France,Ottoman Empire,,
111.0,WAR OF THE SECOND COALITION,ZURICH I,SWITZERLAND,SWITZERLAND 1799,-1.0,D,S,T,S,T,1.0,0.0,,,Austria,France,,
112.0,WAR OF THE SECOND COALITION,NOVI,NORTH ITALY,ITALY 1799,1.0,D,S,T,S,T,0.0,1.0,,,France,Russia,,
113.0,WAR OF THE SECOND COALITION,ZURICH III,SWITZERLAND,SWITZERLAND 1799,1.0,D,,T,F,T,1.0,0.0,,,France,Russia,,
114.0,WAR OF THE SECOND COALITION,MOESKIRCH,GERMANY,GERMANY 1800,1.0,D,S,T,$,T,0.0,1.0,,,Austria,France,,
115.0,WAR OF THE SECOND COALITION,MARENGO,NORTH ITALY,ITALY 1800,-1.0,D,S,T,S,T,1.0,0.0,,,Austria,France,,
116.0,WAR OF THE SECOND COALITION,HOHENLINDEN,GERMANY,GERMANY 1800,-1.0,W,H,T,W,T,1.0,0.0,,,Austria,France,,
117.0,THE NAPOLEONIC WARS,AUSTERLITZ,MORAVIA,THIRD COALITION,-1.0,D,S,T,W,T,0.0,1.0,,,France,Russia,,
118.0,THE NAPOLEONIC WARS,JENA,PRUSSIA,JENA,1.0,D,S,T,F,T,1.0,0.0,,,France,Prussia,,
119.0,THE NAPOLEONIC WARS,AUERSTADT,PRUSSIA,JENA,-1.0,D,S,T,F,T,0.0,1.0,,,France,Prussia,,
120.0,THE NAPOLEONIC WARS,EYLAU,PRUSSIA,POLAND 1807,0.0,W,H,C,W,T,1.0,0.0,,,France,Russia,,
121.0,THE NAPOLEONIC WARS,FRIEDLAND,PRUSSIA,POLAND 1807,1.0,D,S,T,S,T,1.0,0.0,,,France,Russia,,
122.0,THE NAPOLEONIC WARS,VIMIERO,PORTUGAL,PENINSULAR 1808,-1.0,D,S,T,S,T,1.0,0.0,,,France,Great Britain,,
123.0,THE NAPOLEONIC WARS,CORUNNA,SPAIN,PENINSULAR 1809,-1.0,D,S,T,W,T,1.0,0.0,,,France,Great Britain,,
124.0,THE NAPOLEONIC WARS,ECKMUEHL,AUSTRIA,WAGRAM,-1.0,D,S,T,$,T,1.0,0.0,,,Austria,France,,
125.0,THE NAPOLEONIC WARS,ASPERN-ESSLING,AUSTRIA,WAGRAM,1.0,D,S,T,S,T,1.0,0.0,,,Austria,France,,
126.0,THE NAPOLEONIC WARS,THE RAAB,HUNGARY,WAGRAM,1.0,D,S,T,S,T,0.0,1.0,,,Austria,France,,
127.0,THE NAPOLEONIC WARS,WAGRAM,AUSTRIA,WAGRAM,1.0,D,S,T,S,T,0.0,1.0,,,Austria,France,,
128.0,THE NAPOLEONIC WARS,TALAVERA,SPAIN,PENINSULAR 1809,-1.0,D,S,T,S,T,1.0,0.0,0.0,,France,Great Britain,Spain,
129.0,THE NAPOLEONIC WARS,BUSSACO,PORTUGAL,PENINSULAR 1810,-1.0,D,S,T,F,T,1.0,0.0,,,France,Great Britain,,
130.0,THE NAPOLEONIC WARS,FUENTES DE ONORO,SPAIN,PENINSULAR 1811,-1.0,D,S,T,$,T,1.0,0.0,,,France,Great Britain,,
131.0,THE NAPOLEONIC WARS,ALBUERA,SPAIN,PENINSULAR 1811,-1.0,D,S,T,$,T,1.0,0.0,,,France,Great Britain,,
132.0,THE NAPOLEONIC WARS,SALAMANCA,SPAIN,PENINSULAR 1812,1.0,D,S,T,S,T,0.0,1.0,,,France,Great Britain,,
133.0,THE NAPOLEONIC WARS,VITTORIA,SPAIN,PENINSULAR 1813,1.0,D,S,T,S,T,0.0,1.0,,,France,Great Britain,,
134.0,THE NAPOLEONIC WARS,BORODINO,RUSSIA,RUSSIA 1812,1.0,D,S,T,F,T,1.0,0.0,,,France,Russia,,
135.0,THE NAPOLEONIC WARS,LUETZEN,SAXONY,LEIPZIG 1813,-1.0,D,S,T,$,T,0.0,1.0,1.0,,France,Prussia,Russia,
136.0,THE NAPOLEONIC WARS,BAUTZEN,SAXONY,LEIPZIG 1813,1.0,W,L,T,$,T,1.0,0.0,0.0,,France,Prussia,Russia,
137.0,THE NAPOLEONIC WARS,DRESDEN,SAXONY,LEIPZIG 1813,-1.0,D,S,T,S,T,1.0,0.0,,,Austria,France,,
138.0,THE NAPOLEONIC WARS,LEIPZIG,SAXONY,LEIPZIG 1813,1.0,D,S,T,F,T,1.0,0.0,,,Austria,France,,
139.0,THE NAPOLEONIC WARS,HANAU,HESSE,LEIPZIG 1813,1.0,D,S,T,F,T,0.0,1.0,,,Bavaria,France,,
140.0,THE NAPOLEONIC WARS,LA ROTHIERE,FRANCE,DEFENSE OF FRANCE,1.0,W,H,T,W,T,0.0,1.0,,,France,Prussia,,
141.0,THE NAPOLEONIC WARS,LAON,FRANCE,DEFENSE OF FRANCE,-1.0,D,S,T,$,T,1.0,0.0,,,France,Prussia,,
142.0,THE NAPOLEONIC WARS,ARCIS-SUR-AUBE,FRANCE,DEFENSE OF FRANCE,1.0,D,S,T,$,T,1.0,0.0,,,Austria,France,,
143.0,THE NAPOLEONIC WARS,LIGNY,BELGIUM,THE HUNDRED DAYS,1.0,W,L,T,S,T,1.0,0.0,,,France,Prussia,,
144.0,THE NAPOLEONIC WARS,QUATRE BRAS,BELGIUM,THE HUNDRED DAYS,-1.0,W,L,T,S,T,1.0,0.0,,,France,Great Britain,,
145.0,THE NAPOLEONIC WARS,WATERLOO,BELGIUM,THE HUNDRED DAYS,-1.0,W,L,T,S,T,1.0,0.0,0.0,,France,Great Britain,Prussia,
146.0,WAR OF 1812,THE THAMES,CANADA,NORTHWESTERN,1.0,D,S,T,F,T,0.0,1.0,,,Great Britain,USA,,
147.0,WAR OF 1812,CHIPPEWA,CANADA,NORTHERN 1812,-1.0,D,S,T,S,T,1.0,0.0,,,Great Britain,USA,,
148.0,WAR OF 1812,LUNDY'S LANE,CANADA,NORTHERN 1812,-1.0,D,S,T,S,T,0.0,1.0,,,Great Britain,USA,,
149.0,WAR OF 1812,NEW ORLEANS,LOUISIANA,NEW ORLEANS,-1.0,D,S,T,W,T,1.0,0.0,,,Great Britain,USA,,
150.0,LATIN AMERICAN WARS OF INDEPENDENCE,BOYACA,COLUMBIA,BOYACA,1.0,D,S,T,W,T,1.0,0.0,,,Independentalists,Spain,,
151.0,LATIN AMERICAN WARS OF INDEPENDENCE,CARABOBO,VENEZUELA,CARABOBO,1.0,D,S,T,W,T,1.0,0.0,,,Independentalists,Spain,,
152.0,LATIN AMERICAN WARS OF INDEPENDENCE,BOMBONA,QUITO,BOMBONA,1.0,D,S,T,F,T,1.0,0.0,,,Independentalists,Spain,,
153.0,LATIN AMERICAN WARS OF INDEPENDENCE,PICHINCHA,QUITO,PICHINCHA,-1.0,D,S,T,F,T,0.0,1.0,,,Independentalists,Spain,,
154.0,LATIN AMERICAN WARS OF INDEPENDENCE,JUNIN,PERU,JUNIN,1.0,D,S,T,W,T,1.0,0.0,,,Independentalists,Spain,,
155.0,LATIN AMERICAN WARS OF INDEPENDENCE,AYACUCHO,PERU,AYACHUCHO,-1.0,D,S,T,S,T,0.0,1.0,,,Independentalists,Spain,,
156.0,WAR OF TEXAN INDEPENDENCE,SAN JACINTO,TEXAS,TEXAS 1836,1.0,D,S,T,$,T,0.0,1.0,,,Mexico,Texas,,
157.0,US-MEXICAN WAR,PALO ALTO,TEXAS,NORTHERN MEXICAN,1.0,D,S,H,$,T,0.0,1.0,,,Mexico,USA,,
158.0,US-MEXICAN WAR,RESACA DE LA PALMA,TEXAS,NORTHERN MEXICAN,1.0,D,S,H,$,T,0.0,1.0,,,Mexico,USA,,
159.0,US-MEXICAN WAR,BUENA VISTA,MEXICO,NORTHERN MEXICAN,-1.0,W,L,T,W,T,1.0,0.0,,,Mexico,USA,,
160.0,US-MEXICAN WAR,CERRO GORDO,MEXICO,CENTRAL MEXICAN,1.0,D,S,H,$,T,0.0,1.0,,,Mexico,USA,,
161.0,US-MEXICAN WAR,CONTRERAS,MEXICO,CENTRAL MEXICAN,1.0,D,S,H,S,T,0.0,1.0,,,Mexico,USA,,
162.0,US-MEXICAN WAR,CHURUBUSCO,MEXICO,CENTRAL MEXICAN,1.0,D,S,H,S,T,0.0,1.0,,,Mexico,USA,,
163.0,US-MEXICAN WAR,MOLINO DEL REY,MEXICO,CENTRAL MEXICAN,1.0,D,S,H,F,T,0.0,1.0,,,Mexico,USA,,
164.0,US-MEXICAN WAR,CHAPULTEPEC,MEXICO,CENTRAL MEXICAN,1.0,D,S,H,F,T,0.0,1.0,,,Mexico,USA,,
165.0,CRIMEAN WAR,THE ALMA,THE CRIMEA,SEBASTOPOL,1.0,D,S,T,F,T,1.0,1.0,0.0,,France,Great Britain,Russia,
166.0,CRIMEAN WAR,INKERMAN,THE CRIMEA,SEBASTOPOL,-1.0,W,H,C,F,T,0.0,0.0,1.0,,France,Great Britain,Russia,
167.0,WAR OF AUSTRIA WITH FRANCE AND PIEDMONT,MAGENTA,LOMBARDY,LOMBARDY 1859,1.0,D,S,H,S,T,0.0,1.0,,,Austria,France,,
168.0,WAR OF AUSTRIA WITH FRANCE AND PIEDMONT,SOLFERINO,LOMBARDY,LOMBARDY 1859,1.0,D,S,H,S,T,0.0,1.0,,,Austria,France,,
169.0,AUSTRO-PRUSSIAN (SEVEN WEEK'S) WAR,SADOWA (KOENIGGRATZ),AUSTRIA,BOHEMIA 1866,1.0,W,H,T,S,T,0.0,1.0,,,Austria,Prussia,,
170.0,AUSTRO-ITALIAN WAR,CUSTOZZA II,VENETIA,VENETIA 1866,-1.0,D,S,T,S,T,0.0,1.0,,,Austria,Italy,,
171.0,AMERICAN CIVIL WAR,FIRST BULL RUN (MANASSAS),VIRGINIA,FIRST BULL RUN,-1.0,D,S,T,S,T,0.0,1.0,,,Confederacy,USA,,
172.0,AMERICAN CIVIL WAR,WILSON'S CREEK,MISSOURI,MISSOURI 1861,-1.0,D,S,T,S,T,0.0,1.0,,,Confederacy,USA,,
173.0,AMERICAN CIVIL WAR,BELMONT,MISSOURI,MISSOURI 1861,1.0,D,S,T,F,T,0.0,1.0,,,Confederacy,USA,,
174.0,AMERICAN CIVIL WAR,MILL SPRINGS,KENTUCKY,KENTUCKY 1862,-1.0,W,L,T,W,T,1.0,0.0,,,Confederacy,USA,,
175.0,AMERICAN CIVIL WAR,FORT DONELSON,TENNESSEE,HENRY AND DONELSON,-1.0,D,S,C,W,T,1.0,0.0,,,Confederacy,USA,,
176.0,AMERICAN CIVIL WAR,PEA RIDGE,MISSOURI,MISSOURI 1862,-1.0,D,S,T,$,T,1.0,0.0,,,Confederacy,USA,,
177.0,AMERICAN CIVIL WAR,KERNSTOWN,VIRGINIA,VALLEY 1862,-1.0,D,S,T,$,T,1.0,0.0,,,Confederacy,USA,,
178.0,AMERICAN CIVIL WAR,SHILOH,TENNESSEE,TENNESSEE 1862,-1.0,D,S,T,$,T,1.0,0.0,,,Confederacy,USA,,
179.0,AMERICAN CIVIL WAR,FRONT ROYAL,VIRGINIA,VALLEY 1862,1.0,D,S,T,$,T,1.0,0.0,,,Confederacy,USA,,
180.0,AMERICAN CIVIL WAR,FIRST WINCHESTER,VIRGINIA,VALLEY 1862,1.0,D,S,T,$,T,1.0,0.0,,,Confederacy,USA,,
181.0,AMERICAN CIVIL WAR,CROSS KEYS,VIRGINIA,VALLEY 1862,-1.0,D,S,T,S,T,0.0,1.0,,,Confederacy,USA,,
182.0,AMERICAN CIVIL WAR,PORT REPUBLIC,VIRGINIA,VALLEY 1862,1.0,D,S,T,S,T,1.0,0.0,,,Confederacy,USA,,
183.0,AMERICAN CIVIL WAR,SEVEN PINES (FAIR OAKS),VIRGINIA,PENINSULAR 1862,-1.0,D,S,T,$,T,1.0,0.0,,,Confederacy,USA,,
184.0,AMERICAN CIVIL WAR,MECHANICSVILLE,VIRGINIA,PENINSULAR 1862,-1.0,D,S,T,S,T,1.0,0.0,,,Confederacy,USA,,
185.0,AMERICAN CIVIL WAR,GAINES'S MILL,VIRGINIA,PENINSULAR 1862,-1.0,D,S,T,S,T,1.0,0.0,,,Confederacy,USA,,
186.0,AMERICAN CIVIL WAR,GLENDALE-FRAYSER'S FARM,VIRGINIA,PENINSULAR 1862,-1.0,D,S,T,S,T,1.0,0.0,,,Confederacy,USA,,
187.0,AMERICAN CIVIL WAR,MALVERN HILL,VIRGINIA,PENINSULAR 1862,-1.0,D,S,T,S,T,1.0,0.0,,,Confederacy,USA,,
188.0,AMERICAN CIVIL WAR,CEDAR MOUNTAIN,VIRGINIA,SECOND BULL RUN,-1.0,D,S,T,S,T,0.0,1.0,,,Confederacy,USA,,
189.0,AMERICAN CIVIL WAR,SECOND BULL RUN (MANASSAS),VIRGINIA,SECOND BULL RUN,-1.0,D,S,T,S,T,0.0,1.0,,,Confederacy,USA,,
190.0,AMERICAN CIVIL WAR,SOUTH MOUNTAIN,MARYLAND,ANTIETAM,1.0,D,S,T,F,T,0.0,1.0,,,Confederacy,USA,,
191.0,AMERICAN CIVIL WAR,ANTIETAM (SHARPSBURG),MARYLAND,ANTIETAM,-1.0,D,S,T,F,T,0.0,1.0,,,Confederacy,USA,,
192.0,AMERICAN CIVIL WAR,CORINTH,MISSISSIPPI,IUKA-CORINTH,-1.0,D,S,T,F,T,0.0,1.0,,,Confederacy,USA,,
193.0,AMERICAN CIVIL WAR,PERRYVILLE,KENTUCKY,PERRYVILLE,0.0,D,S,T,F,T,0.0,1.0,,,Confederacy,USA,,
194.0,AMERICAN CIVIL WAR,FREDERICKSBURG,VIRGINIA,FREDRICKSBURG,-1.0,D,S,T,W,T,0.0,1.0,,,Confederacy,USA,,
195.0,AMERICAN CIVIL WAR,MURFREESBORO (STONE'S RIVER),TENNESSEE,STONES RIVER,0.0,W,L,C,W,T,1.0,0.0,,,Confederacy,USA,,
196.0,AMERICAN CIVIL WAR,CHANCELLORSVILLE,VIRGINIA,CHANCELLORSVILLE,-1.0,D,S,T,$,T,0.0,1.0,,,Confederacy,USA,,
197.0,AMERICAN CIVIL WAR,CHAMPION'S HILL,MISSISSIPPI,VICKSBURG,1.0,D,S,T,$,T,0.0,1.0,,,Confederacy,USA,,
198.0,AMERICAN CIVIL WAR,BRANDY STATION,VIRGINIA,GETTYSBURG,1.0,D,S,T,S,T,0.0,1.0,,,Confederacy,USA,,
199.0,AMERICAN CIVIL WAR,GETTYSBURG,PENNSYLVANIA,GETTYSBURG,-1.0,D,S,T,S,T,1.0,0.0,,,Confederacy,USA,,
200.0,AMERICAN CIVIL WAR,CHICKAMAUGA,GEORGIA,CHICKAMAUGA,1.0,D,S,T,F,T,1.0,0.0,,,Confederacy,USA,,
201.0,AMERICAN CIVIL WAR,CHATTANOOGA,TENNESSEE,CHATTANOOGA,1.0,W,L,T,F,T,0.0,1.0,,,Confederacy,USA,,
202.0,AMERICAN CIVIL WAR,THE WILDERNESS,VIRGINIA,WILDERNESS-SPOTSYLVANIA-COLD HARBOR,-1.0,D,S,T,$,T,0.0,1.0,,,Confederacy,USA,,
203.0,AMERICAN CIVIL WAR,SPOTSYLVANIA,VIRGINIA,WILDERNESS-SPOTSYLVANIA-COLD HARBOR,-1.0,D,S,T,$,T,0.0,1.0,,,Confederacy,USA,,
204.0,AMERICAN CIVIL WAR,NEW MARKET,VIRGINIA,SHENANDOAH VALLEY 1864,1.0,W,L,T,S,T,1.0,0.0,,,Confederacy,USA,,
205.0,AMERICAN CIVIL WAR,COLD HARBOR,VIRGINIA,WILDERNESS-SPOTSYLVANIA-COLD HARBOR,-1.0,D,S,T,S,T,0.0,1.0,,,Confederacy,USA,,
206.0,AMERICAN CIVIL WAR,KENESAW MOUNTAIN,GEORGIA,ATLANTA,-1.0,D,S,H,S,T,0.0,1.0,,,Confederacy,USA,,
207.0,AMERICAN CIVIL WAR,PEACHTREE CREEK,GEORGIA,ATLANTA,-1.0,D,S,T,S,T,1.0,0.0,,,Confederacy,USA,,
208.0,AMERICAN CIVIL WAR,ATLANTA,GEORGIA,ATLANTA,-1.0,D,S,T,S,T,1.0,0.0,,,Confederacy,USA,,
209.0,AMERICAN CIVIL WAR,PETERSBURG,VIRGINIA,PETERSBURG,-1.0,D,S,T,S,T,0.0,1.0,,,Confederacy,USA,,
210.0,AMERICAN CIVIL WAR,GLOBE TAVERN,VIRGINIA,SIEGE OF PETERSBURG,1.0,W,H,T,S,T,0.0,1.0,,,Confederacy,USA,,
211.0,AMERICAN CIVIL WAR,OPEQUON CREEK (THIRD WINCHESTER),VIRGINIA,SHERIDAN'S VALLEY,1.0,D,S,T,S,T,0.0,1.0,,,Confederacy,USA,,
212.0,AMERICAN CIVIL WAR,CEDAR CREEK,VIRGINIA,SHERIDAN'S VALLEY,-1.0,D,S,T,F,T,1.0,0.0,,,Confederacy,USA,,
213.0,AMERICAN CIVIL WAR,FRANKLIN,TENNESSEE,FRANKLIN AND NASHVILLE,-1.0,D,S,T,F,T,1.0,0.0,,,Confederacy,USA,,
214.0,AMERICAN CIVIL WAR,NASHVILLE,TENNESSEE,FRANKLIN AND NASHVILLE,1.0,D,S,T,W,T,0.0,1.0,,,Confederacy,USA,,
215.0,AMERICAN CIVIL WAR,BENTONVILLE,NORTH CAROLINA,THE CAROLINAS,-1.0,D,S,T,$,T,1.0,0.0,,,Confederacy,USA,,
216.0,AMERICAN CIVIL WAR,DINWIDDIE COURTHOUSE & WHITE OAK ROAD,VIRGINIA,PETERSBURG,0.0,W,H,T,$,T,0.0,1.0,,,Confederacy,USA,,
217.0,AMERICAN CIVIL WAR,FIVE FORKS,VIRGINIA,PETERSBURG,1.0,D,S,T,$,T,0.0,1.0,,,Confederacy,USA,,
218.0,AMERICAN CIVIL WAR,SELMA,ALABAMA,SELMA,1.0,D,S,T,$,T,0.0,1.0,,,Confederacy,USA,,
219.0,AMERICAN CIVIL WAR,SAYLOR'S CREEK,VIRGINIA,APPOMATTOX,1.0,W,L,T,$,T,0.0,1.0,,,Confederacy,USA,,
220.0,FRANCO-PRUSSIAN WAR,WEISSENBURG,FRANCE,METZ,1.0,W,L,T,S,T,0.0,1.0,,,France,Germany,,
221.0,FRANCO-PRUSSIAN WAR,FROESCHWILLER,FRANCE,METZ,1.0,W,L,T,S,T,0.0,1.0,,,France,Germany,,
222.0,FRANCO-PRUSSIAN WAR,SPICHERN,FRANCE,METZ,1.0,W,L,T,S,T,0.0,1.0,,,France,Germany,,
223.0,FRANCO-PRUSSIAN WAR,MARS LA TOUR,FRANCE,METZ,1.0,D,S,T,S,T,0.0,1.0,,,France,Germany,,
224.0,FRANCO-PRUSSIAN WAR,GRAVELOTTE-ST. PRIVAT,FRANCE,METZ,1.0,D,S,T,S,T,0.0,1.0,,,France,Germany,,
225.0,FRANCO-PRUSSIAN WAR,SEDAN,FRANCE,SEDAN,1.0,D,S,T,F,T,0.0,1.0,,,France,Germany,,
226.0,FRANCO-PRUSSIAN WAR,COULMIERS,FRANCE,ORLEANS,1.0,W,L,C,F,T,1.0,0.0,,,France,Germany,,
227.0,FRANCO-PRUSSIAN WAR,ORLEANS,FRANCE,ORLEANS,1.0,W,H,C,W,T,0.0,1.0,,,France,Germany,,
228.0,FRANCO-PRUSSIAN WAR,LE MANS,FRANCE,LOIRE,1.0,W,H,C,W,T,0.0,1.0,,,France,Germany,,
229.0,FRANCO-PRUSSIAN WAR,BELFORT,FRANCE,BELFORT,-1.0,W,H,C,W,T,1.0,0.0,,,France,Germany,,
230.0,ZULU WAR,ISANDHLWANA,ZULULAND,ZULULAND 1879,1.0,D,S,H,S,T,0.0,1.0,,,Great Britain,Zulu,,
231.0,ZULU WAR,ULUNDI,ZULULAND,ZULULAND 1879,-1.0,D,S,T,W,T,0.0,1.0,,,Great Britain,Zulu,,
232.0,TRANSVAAL REVOLT,MAJUBA HILL,TRANSVAAL,SOUTH AFRICA 1881,1.0,D,S,H,S,T,0.0,1.0,,,Great Britain,South African Republic,,
233.0,EGYPT AND THE SUDAN,TEL EL-KEBIR,EGYPT,EGYPT 1882,1.0,D,S,T,F,E,0.0,1.0,,,Egypt,Great Britain,,
234.0,EGYPT AND THE SUDAN,OMDURMAN,THE SUDAN,THE SUDAN 1898,-1.0,D,S,T,F,T,0.0,1.0,,,Great Britain,Mahdists,,
235.0,ITALO-ETHIOPIAN WAR,ADOWA,ETHIOPIA,ETHIOPIA 1896,1.0,D,S,T,W,E,1.0,0.0,,,Ethiopia,Italy,,
236.0,BOER WAR,MODDER RIVER,SOUTH AFRICA,KIMBERLY,1.0,D,S,H,$,T,1.0,0.0,,,Great Britain,South African Republic,,
237.0,BOER WAR,MAGERSFONTEIN,SOUTH AFRICA,KIMBERLY,-1.0,W,H,T,$,T,1.0,0.0,,,Great Britain,South African Republic,,
238.0,BOER WAR,COLENSO,SOUTH AFRICA,LADYSMITH,-1.0,D,S,H,$,T,1.0,0.0,,,Great Britain,South African Republic,,
239.0,BOER WAR,SPION KOP,SOUTH AFRICA,LADYSMITH,-1.0,D,S,H,S,T,1.0,0.0,,,Great Britain,South African Republic,,
240.0,BOER WAR,PAARDEBURG,SOUTH AFRICA,LADYSMITH,0.0,D,S,H,S,T,1.0,0.0,,,Great Britain,South African Republic,,
241.0,SPANISH-AMERICAN WAR,SAN JUAN HILL AND EL CANEY,CUBA,SANTIAGO,1.0,D,S,H,S,T,0.0,1.0,,,Spain,USA,,
242.0,RUSSO-JAPANESE WAR,THE YALU,KOREA,YALU 1904,1.0,D,S,T,$,T,1.0,0.0,,,Japan,Russia,,
243.0,RUSSO-JAPANESE WAR,TELISSU,MANCHURIA,MANCHURIAN 1904,1.0,D,S,T,S,T,1.0,0.0,,,Japan,Russia,,
244.0,RUSSO-JAPANESE WAR,LIAOYANG,MANCHURIA,MANCHURIAN 1904,1.0,D,S,T,S,T,1.0,0.0,,,Japan,Russia,,
245.0,RUSSO-JAPANESE WAR,THE SHA-HO,MANCHURIA,MANCHURIAN 1904,-1.0,D,S,T,F,T,0.0,1.0,,,Japan,Russia,,
246.0,RUSSO-JAPANESE WAR,SANDEPU,MANCHURIA,MANCHURIAN 1905,-1.0,W,L,C,W,T,0.0,1.0,,,Japan,Russia,,
247.0,RUSSO-JAPANESE WAR,MUKDEN,MANCHURIA,MANCHURIAN 1905,1.0,D,S,T,W,T,1.0,0.0,,,Japan,Russia,,
248.0,THE BALKAN WARS,KUMANOVO,EUROPEAN TURKEY,MACEDONIA 1912,1.0,W,H,T,F,T,0.0,1.0,,,Ottoman Empire,Serbia,,
249.0,THE BALKAN WARS,LULE BURGAS,EUROPEAN TURKEY,THRACE 1912,1.0,D,S,T,F,T,1.0,0.0,,,Bulgaria,Ottoman Empire,,
250.0,THE BALKAN WARS,PRELIP,EUROPEAN TURKEY,MACEDONIA 1912,1.0,W,H,T,F,T,0.0,1.0,,,Ottoman Empire,Serbia,,
251.0,THE BALKAN WARS,MONASTIR,EUROPEAN TURKEY,MACEDONIA 1912,1.0,W,H,T,F,T,0.0,1.0,,,Ottoman Empire,Serbia,,
252.0,THE BALKAN WARS,ADRIANOPLE,EUROPEAN TURKEY,THRACE 1913,1.0,W,H,T,$,T,1.0,0.0,,,Bulgaria,Ottoman Empire,,
253.0,RUSSO-POLISH WAR (1920),WARSAW,POLAND,POLISH COUNTEROFFENSIVE,1.0,D,S,T,S,T,1.0,0.0,,,Poland,USSR,,
254.0,RUSSO-POLISH WAR (1920),THE NIEMAN,USSR,POLISH OFFENSIVE SEP-OCT 1920,1.0,D,S,T,F,T,1.0,0.0,,,Poland,USSR,,
255.0,THE SPANISH CIVIL WAR,GUADALAJARA-BRIHUEGA,SPAIN,MADRID 1937,-1.0,W,L,C,$,T,1.0,0.0,,,Italy,Spanish Republic,,
256.0,THE MANCHURIAN INCIDENT (1938-1939),CHANGKUFENG-SHACHAOFENG,MANCHURIA,CHANGKUFENG,1.0,D,,T,S,T,1.0,0.0,,,Japan,USSR,,
257.0,THE MANCHURIAN INCIDENT (1938-1939),HILL 52-SHACHAOFENG,MANCHURIA,CHANGKUFENG,-1.0,D,S,H,S,T,0.0,1.0,,,Japan,USSR,,
258.0,THE MANCHURIAN INCIDENT (1938-1939),CHANGKUFENG-HILL 52,MANCHURIA,CHANGKUFENG,-1.0,D,S,T,S,T,0.0,1.0,,,Japan,USSR,,
259.0,THE MANCHURIAN INCIDENT (1938-1939),NOMONHAN-OPENING ENGAGEMENT,MANCHURIA,NOMONHAN,0.0,D,S,T,$,T,1.0,0.0,,,Japan,USSR,,
260.0,THE MANCHURIAN INCIDENT (1938-1939),NOMONHAN-SOVIET COUNTEROFFENSIVE,MANCHURIA,NOMONHAN,1.0,D,S,H,S,T,0.0,1.0,,,Japan,USSR,,
261.0,RUSSO-FINISH WAR (1939-1940),SUOMUSSALMI,FINLAND,FINLAND 1939-40,1.0,W,H,C,W,T,1.0,0.0,,,Finland,USSR,,
262.0,WORLD WAR I (WESTERN FRONT 1914),ALSACE-LORRAINE I,GERMANY,THE FRONTIERS,-1.0,D,S,T,S,T,1.0,0.0,,,France,Germany,,
263.0,WORLD WAR I (WESTERN FRONT 1914),ALSACE-LORRAINE II,GERMANY AND FRANCE,THE FRONTIERS,1.0,D,S,T,S,T,0.0,1.0,,,France,Germany,,
264.0,WORLD WAR I (WESTERN FRONT 1914),THE ARDENNES,FRANCE,THE FRONTIERS,-1.0,W,,T,S,T,1.0,0.0,,,France,Germany,,
265.0,WORLD WAR I (WESTERN FRONT 1914),THE SAMBRE,BELGIUM,THE FRONTIERS,1.0,D,S,T,S,T,0.0,1.0,,,France,Germany,,
266.0,WORLD WAR I (WESTERN FRONT 1914),MONS,BELGIUM,THE FRONTIERS,1.0,D,S,T,S,T,1.0,0.0,,,Germany,Great Britain,,
267.0,WORLD WAR I (WESTERN FRONT 1914),LE CATEAU,FRANCE,ADVANCE TO THE MARNE,1.0,D,S,T,S,T,1.0,0.0,,,Germany,Great Britain,,
268.0,WORLD WAR I (WESTERN FRONT 1914),GUISE,FRANCE,ADVANCE TO THE MARNE,0.0,D,S,T,S,T,0.0,1.0,,,France,Germany,,
269.0,WORLD WAR I (WESTERN FRONT 1914),HEIGHTS OF NANCY,FRANCE,THE MARNE 1914,-1.0,D,S,T,F,T,0.0,1.0,,,France,Germany,,
270.0,WORLD WAR I (WESTERN FRONT 1914),OURCQ I,FRANCE,THE MARNE 1914,0.0,D,S,T,F,T,1.0,0.0,,,France,Germany,,
271.0,WORLD WAR I (WESTERN FRONT 1914),OURCQ II,FRANCE,THE MARNE 1914,0.0,D,S,T,F,T,1.0,0.0,,,France,Germany,,
272.0,WORLD WAR I (WESTERN FRONT 1914),PETIT MORIN,FRANCE,THE MARNE 1914,1.0,D,S,T,F,T,1.0,0.0,,,France,Germany,,
273.0,WORLD WAR I (WESTERN FRONT 1914),TWO MORINS,FRANCE,THE MARNE 1914,1.0,D,S,T,F,T,0.0,1.0,,,Germany,Great Britain,,
274.0,WORLD WAR I (WESTERN FRONT 1914),MARSHES OF ST.GOND,FRANCE,THE MARNE 1914,-1.0,D,S,T,F,T,0.0,1.0,,,France,Germany,,
275.0,WORLD WAR I (WESTERN FRONT 1914),VITRY LE FRANCOIS,FRANCE,THE MARNE 1914,-1.0,D,S,T,F,T,0.0,1.0,,,France,Germany,,
276.0,WORLD WAR I (WESTERN FRONT 1914),GAP OF REVIGNY,FRANCE,THE MARNE 1914,-1.0,D,S,T,F,T,0.0,1.0,,,France,Germany,,
277.0,WORLD WAR I (WESTERN FRONT 1914),THE AISNE,FRANCE,RETREAT FROM THE MARNE,-1.0,W,L,T,F,T,1.0,0.0,,,France,Germany,,
278.0,WORLD WAR I (EASTERN FRONT 1914),STALLUPONEN,GERMANY,E PRUSSIA 1914,-1.0,D,S,T,S,T,0.0,1.0,,,Germany,Russia,,
279.0,WORLD WAR I (EASTERN FRONT 1914),GUMBINNEN,GERMANY,E PRUSSIA 1914,0.0,D,S,T,S,T,1.0,0.0,,,Germany,Russia,,
280.0,WORLD WAR I (EASTERN FRONT 1914),TANNENBERG,GERMANY,E PRUSSIA 1914,1.0,D,S,T,S,T,1.0,0.0,,,Germany,Russia,,
281.0,WORLD WAR I (EASTERN FRONT 1914),MASURIAN LAKES,GERMANY,E PRUSSIA 1914,1.0,D,S,T,S,T,1.0,0.0,,,Germany,Russia,,
282.0,WORLD WAR I (EASTERN FRONT 1914),KRASNIK,RUSSIAN POLAND,GALICIA 1914,1.0,D,S,T,S,T,1.0,0.0,,,Austria,Russia,,
283.0,WORLD WAR I (EASTERN FRONT 1914),KOMAROV,RUSSIAN POLAND,GALICIA 1914,1.0,D,S,T,S,T,1.0,0.0,,,Austria,Russia,,
284.0,WORLD WAR I (EASTERN FRONT 1914),GNILA LIPA,AUSTRIAN GALICIA,GALICIA 1914,-1.0,D,S,T,S,T,1.0,0.0,,,Austria,Russia,,
285.0,WORLD WAR I (EASTERN FRONT 1914),RAVA RUSSKA,AUSTRIAN GALICIA,GALICIA 1914,-1.0,D,S,T,S,T,1.0,0.0,,,Austria,Russia,,
286.0,WORLD WAR I (EASTERN FRONT 1914),LODZ,RUSSIAN POLAND,W POLAND 1914,1.0,W,L,C,F,T,1.0,0.0,,,Germany,Russia,,
287.0,WORLD WAR I (SERBIAN FRONT 1914),THE JADAR,SERBIA,SERBIA 1914,-1.0,D,S,T,S,T,1.0,0.0,,,Austria,Serbia,,
288.0,WORLD WAR I (SERBIAN FRONT 1914),THE KOLUBRA,SERBIA,SERBIA 1914,1.0,W,H,T,W,T,0.0,1.0,,,Austria,Serbia,,
289.0,WORLD WAR I,EASTERN CHAMPAGNE,FRANCE,NOYON SALIENT,-1.0,D,S,T,W,T,1.0,0.0,,,France,Germany,,
290.0,WORLD WAR I,NEUVE CHAPELLE,FRANCE,NOYON SALIENT,-1.0,D,,T,W,T,0.0,1.0,,,Germany,Great Britain,,
291.0,WORLD WAR I,YPRES II,FRANCE,NOYON SALIENT,-1.0,D,S,T,$,T,1.0,0.0,,,Germany,Great Britain,,
292.0,WORLD WAR I,FESTUBERT,FRANCE,NOYON SALIENT,-1.0,W,L,T,$,T,0.0,1.0,,,Germany,Great Britain,,
293.0,WORLD WAR I,LOOS,FRANCE,NOYON SALIENT,-1.0,D,S,T,F,T,0.0,1.0,,,Germany,Great Britain,,
294.0,WORLD WAR I,WINTER BATTLE (MASURIA),GERMANY AND RUSSIAN POLAND,EASTERN FRONT 1915,1.0,W,H,C,W,T,1.0,0.0,,,Germany,Russia,,
295.0,WORLD WAR I,GOLICE-TARNOW (OPENING PHASE),AUSTRIAN GALICIA,EASTERN FRONT 1915,1.0,D,S,T,$,T,1.0,0.0,,,Germany,Russia,,
296.0,WORLD WAR I (ITALIAN FRONT 1915),FIRST ISONZO,AUSTRIA,ISONZO FRONT 1915,-1.0,D,S,T,S,T,0.0,1.0,,,Austria,Italy,,
297.0,WORLD WAR I (ITALIAN FRONT 1915),SECOND ISONZO,AUSTRIA,ISONZO FRONT 1915,-1.0,D,S,T,S,T,0.0,1.0,,,Austria,Italy,,
298.0,WORLD WAR I (ITALIAN FRONT 1915),THIRD ISONZO,AUSTRIA,ISONZO FRONT 1915,-1.0,D,S,C,F,T,0.0,1.0,,,Austria,Italy,,
299.0,WORLD WAR I (ITALIAN FRONT 1915),FOURTH ISONZO,AUSTRIA,ISONZO FRONT 1915,-1.0,D,S,C,F,T,0.0,1.0,,,Austria,Italy,,
300.0,WORLD WAR I (TURKISH FRONTS 1915),FIRST DARDANELLES LANDING,TURKEY,GALLIPOLI,0.0,D,S,T,$,T,1.0,0.0,,,Great Britain,Ottoman Empire,,
301.0,WORLD WAR I (TURKISH FRONTS 1915),SUVLA BAY,TURKEY,GALLIPOLI,-1.0,D,S,T,S,T,1.0,0.0,,,Great Britain,Ottoman Empire,,
302.0,WORLD WAR I (TURKISH FRONTS 1915),KUT-EL-AMARA,MESOPOTAMIA,MESOPOTAMIA 1915,1.0,D,S,T,F,T,1.0,0.0,,,Great Britain,Ottoman Empire,,
303.0,WORLD WAR I (TURKISH FRONTS 1915),CTESIPHON,MESOPOTAMIA,MESOPOTAMIA 1915,-1.0,D,S,T,F,T,1.0,0.0,,,Great Britain,Ottoman Empire,,
304.0,WORLD WAR I,FIRST SOMME,FRANCE,WESTERN FRONT 1916,-1.0,W,H,T,S,T,0.0,1.0,,,Germany,Great Britain,,
305.0,WORLD WAR I,SOMME-FOURTH ARMY ATTACK,FRANCE,SOMME,-1.0,D,S,T,S,T,0.0,1.0,,,Germany,Great Britain,,
306.0,WORLD WAR I,SOMME-OVILLERS,FRANCE,SOMME,-1.0,D,S,T,S,T,0.0,1.0,,,Germany,Great Britain,,
307.0,WORLD WAR I,SOMME-BAZENTIN RIDGE,FRANCE,SOMME,0.0,D,S,T,S,T,0.0,1.0,,,Germany,Great Britain,,
308.0,WORLD WAR I,SOMME-FLERS-COURCELETTE,FRANCE,SOMME,1.0,D,S,T,F,T,0.0,1.0,,,Germany,Great Britain,,
309.0,WORLD WAR I,CAUCASUS WINTER OFFENSIVE,TURKEY,CAUCASUS 1916,1.0,W,H,C,W,T,0.0,1.0,,,Ottoman Empire,Russia,,
310.0,WORLD WAR I,LAKE NAROTCH,RUSSIAN POLAND,EASTERN FRONT 1916,-1.0,D,S,T,$,T,0.0,1.0,,,Germany,Russia,,
311.0,WORLD WAR I,1916 BRUSILOV OFFENSIVE,AUSTRIAN GALICIA,EASTERN FRONT 1916,1.0,D,S,T,S,T,0.0,1.0,,,Austria,Russia,,
312.0,WORLD WAR I,FIFTH ISONZO,AUSTRIA,ISONZO FRONT 1916,-1.0,W,H,C,$,T,0.0,1.0,,,Austria,Italy,,
313.0,WORLD WAR I,ASIAGO,AUSTRIA AND ITALY,AUSTRIAN TRENTINO OFFENSIVE,1.0,D,S,T,$,T,1.0,0.0,,,Austria,Italy,,
314.0,WORLD WAR I,TRENTINO COUNTER-OFFENSIVE,AUSTRIA AND ITALY,AUSTRIAN TRENTINO OFFENSIVE,1.0,D,S,T,S,T,0.0,1.0,,,Austria,Italy,,
315.0,WORLD WAR I,SIXTH ISONZO (GORIZIA),AUSTRIA,ISONZO FRONT 1916,1.0,D,S,T,S,T,0.0,1.0,,,Austria,Italy,,
316.0,WORLD WAR I,ARRAS,FRANCE,WESTERN FRONT 1917,0.0,D,S,T,$,T,0.0,1.0,,,Germany,Great Britain,,
317.0,WORLD WAR I,AISNE II,FRANCE,WESTERN FRONT 1917,-1.0,W,H,T,$,T,1.0,0.0,,,France,Germany,,
318.0,WORLD WAR I,MESSINES,BELGIUM,FLANDERS 1917,1.0,D,S,T,S,T,0.0,1.0,,,Germany,Great Britain,,
319.0,WORLD WAR I,YPRES III,BELGIUM,FLANDERS 1917,-1.0,D,S,T,S,T,0.0,1.0,,,Germany,Great Britain,,
320.0,WORLD WAR I,CAMBRAI I,FRANCE,WESTERN FRONT 1917,1.0,D,S,T,F,T,0.0,1.0,,,Germany,Great Britain,,
321.0,WORLD WAR I,CAMBRAI II,FRANCE,WESTERN FRONT 1917,1.0,D,S,T,F,T,1.0,0.0,,,Germany,Great Britain,,
322.0,WORLD WAR I,TENTH ISONZO,AUSTRIA,ISONZO FRONT 1917,1.0,D,S,T,$,T,0.0,1.0,,,Austria,Italy,,
323.0,WORLD WAR I,ELEVENTH ISONZO,AUSTRIA,ISONZO FRONT 1917,1.0,D,S,T,S,T,0.0,1.0,,,Austria,Italy,,
324.0,WORLD WAR I,CAPORETTO (TWELFTH ISONZO),AUSTRIA AND ITALY,ISONZO FRONT 1917,1.0,D,S,T,F,T,1.0,1.0,0.0,,Austria,Germany,Italy,
325.0,WORLD WAR I (TURKISH FRONTS 1917),TIGRIS CROSSING,MESOPOTAMIA,MESOPOTAMIA 1917,1.0,D,S,T,W,T,1.0,0.0,,,Great Britain,Ottoman Empire,,
326.0,WORLD WAR I (TURKISH FRONTS 1917),GAZA I,PALESTINE,PALESTINE 1917,-1.0,D,S,T,$,T,1.0,0.0,,,Great Britain,Ottoman Empire,,
327.0,WORLD WAR I (TURKISH FRONTS 1917),GAZA II,PALESTINE,PALESTINE 1917,-1.0,D,S,T,$,T,1.0,0.0,,,Great Britain,Ottoman Empire,,
328.0,WORLD WAR I (TURKISH FRONTS 1917),GAZA III,PALESTINE,PALESTINE 1917,1.0,D,S,T,F,T,1.0,0.0,,,Great Britain,Ottoman Empire,,
329.0,WORLD WAR I (TURKISH FRONTS 1917),JUNCTION STATION,PALESTINE,PALESTINE 1917,1.0,D,S,T,F,T,1.0,0.0,,,Great Britain,Ottoman Empire,,
330.0,WORLD WAR I (WESTERN FRONT 1918),SECOND SOMME-PHASE I (SOMME-PERONNE),FRANCE,GERMAN SPRING OFFENSIVES,1.0,W,H,T,$,T,1.0,0.0,,,Germany,Great Britain,,
331.0,WORLD WAR I (WESTERN FRONT 1918),SECOND SOMME-PHASE II (SOMME-MONTDIDIER),FRANCE,GERMAN SPRING OFFENSIVES,0.0,W,H,T,$,T,1.0,0.0,,,Germany,Great Britain,,
332.0,WORLD WAR I (WESTERN FRONT 1918),LYS,FRANCE,GERMAN SPRING OFFENSIVES,1.0,W,H,T,$,T,1.0,0.0,,,Germany,Great Britain,,
333.0,WORLD WAR I (WESTERN FRONT 1918),YVONNE & ODETTE POSITIONS (SECTOR TOULON),FRANCE,VERDUN SECTOR,1.0,D,S,T,$,T,1.0,0.0,,,Germany,USA,,
334.0,WORLD WAR I (WESTERN FRONT 1918),CHEMIN-DES-DAMES,FRANCE,GERMAN SPRING OFFENSIVES,-1.0,D,S,T,$,T,0.0,1.0,,,France,Germany,,
335.0,WORLD WAR I (WESTERN FRONT 1918),CANTIGNY,FRANCE,GERMAN SPRING OFFENSIVES,1.0,D,,T,$,T,0.0,1.0,,,Germany,USA,,
336.0,WORLD WAR I (WESTERN FRONT 1918),BELLEAU WOOD,FRANCE,BELLEAU WOOD,0.0,D,S,T,S,T,0.0,1.0,,,Germany,USA,,
337.0,WORLD WAR I (WESTERN FRONT 1918),HILL 142,FRANCE,BELLEAU WOOD,1.0,D,,T,S,T,0.0,1.0,,,Germany,USA,,
338.0,WORLD WAR I (WESTERN FRONT 1918),WEST WOOD I,FRANCE,BELLEAU WOOD,-1.0,D,S,T,S,T,0.0,1.0,,,Germany,USA,,
339.0,WORLD WAR I (WESTERN FRONT 1918),BOURESCHES I,FRANCE,BELLEAU WOOD,0.0,D,S,T,S,T,0.0,1.0,,,Germany,USA,,
340.0,WORLD WAR I (WESTERN FRONT 1918),HILL 192,FRANCE,BELLEAU WOOD,-1.0,D,,T,S,T,0.0,1.0,,,Germany,USA,,
341.0,WORLD WAR I (WESTERN FRONT 1918),WEST WOOD II,FRANCE,BELLEAU WOOD,1.0,W,L,T,S,T,0.0,1.0,,,Germany,USA,,
342.0,WORLD WAR I (WESTERN FRONT 1918),NORTH WOOD I (HUNTING LODGE),FRANCE,BELLEAU WOOD,1.0,D,,T,S,T,0.0,1.0,,,Germany,USA,,
343.0,WORLD WAR I (WESTERN FRONT 1918),BOURESCHES II,FRANCE,BELLEAU WOOD,-1.0,,,,S,T,1.0,0.0,,,Germany,USA,,
344.0,WORLD WAR I (WESTERN FRONT 1918),NORTH WOOD II,FRANCE,BELLEAU WOOD,-1.0,D,,T,S,T,0.0,1.0,,,Germany,USA,,
345.0,WORLD WAR I (WESTERN FRONT 1918),NORTH WOOD III,FRANCE,BELLEAU WOOD,-1.0,D,,T,S,T,0.0,1.0,,,Germany,USA,,
346.0,WORLD WAR I (WESTERN FRONT 1918),NORTH WOOD IV (FINAL ASSAULT),FRANCE,BELLEAU WOOD,1.0,D,S,T,S,T,0.0,1.0,,,Germany,USA,,
347.0,WORLD WAR I (WESTERN FRONT 1918),VAUX,FRANCE,BELLEAU WOOD,1.0,D,S,T,S,T,0.0,1.0,,,Germany,USA,,
348.0,WORLD WAR I (WESTERN FRONT 1918),LA ROCHE WOOD EAST,FRANCE,BELLEAU WOOD,1.0,D,S,T,S,T,0.0,1.0,,,Germany,USA,,
349.0,WORLD WAR I (WESTERN FRONT 1918),LA ROCHE WOOD WEST,FRANCE,BELLEAU WOOD,1.0,D,S,T,S,T,0.0,1.0,,,Germany,USA,,
350.0,WORLD WAR I (WESTERN FRONT 1918),NOYON-MONTDIDIER,FRANCE,BELLEAU WOOD,-1.0,D,S,T,$,T,0.0,1.0,,,France,Germany,,
351.0,WORLD WAR I (WESTERN FRONT 1918),CHAMPAGNE-MARNE,FRANCE,GERMAN SPRING OFFENSIVES,-1.0,D,S,T,S,T,0.0,1.0,,,France,Germany,,
352.0,WORLD WAR I (WESTERN FRONT 1918),AISNE-MARNE I,FRANCE,AISNE-MARNE,1.0,D,,T,S,T,1.0,0.0,,,France,Germany,,
353.0,WORLD WAR I (WESTERN FRONT 1918),MISSY AUX BOIS RAVINE,FRANCE,SOISSONS,1.0,D,,T,S,T,0.0,1.0,,,Germany,USA,,
354.0,WORLD WAR I (WESTERN FRONT 1918),BREUIL,FRANCE,SOISSONS,1.0,D,,T,S,T,0.0,1.0,,,Germany,USA,,
355.0,WORLD WAR I (WESTERN FRONT 1918),ST. AMAND FARM,FRANCE,SOISSONS,1.0,D,,T,S,T,0.0,1.0,,,Germany,USA,,
356.0,WORLD WAR I (WESTERN FRONT 1918),BEAUREPAIRE FARM,FRANCE,SOISSONS,1.0,D,,T,S,T,0.0,1.0,,,Germany,USA,,
357.0,WORLD WAR I (WESTERN FRONT 1918),CRAVANCON FERME-CHAUDUN,FRANCE,SOISSONS,1.0,D,,T,S,T,0.0,1.0,,,Germany,USA,,
358.0,WORLD WAR I (WESTERN FRONT 1918),CHAUDUN,FRANCE,SOISSONS,1.0,D,,T,S,T,0.0,1.0,,,Germany,USA,,
359.0,WORLD WAR I (WESTERN FRONT 1918),AISNE-MARNE II,FRANCE,AISNE-MARNE,1.0,D,S,T,S,T,0.0,1.0,,,Germany,USA,,
360.0,WORLD WAR I (WESTERN FRONT 1918),BERZY LE SEC,FRANCE,AISNE-MARNE II,1.0,W,L,T,S,T,0.0,1.0,,,Germany,USA,,
361.0,WORLD WAR I (WESTERN FRONT 1918),BUZANCY RIDGE,FRANCE,AISNE-MARNE II,1.0,W,L,T,S,T,0.0,1.0,,,Germany,USA,,
362.0,WORLD WAR I (WESTERN FRONT 1918),"PICARDY 1918, I",FRANCE,AMIENS OFFENSIVE,1.0,W,L,T,S,T,0.0,1.0,,,Germany,USA,,
363.0,WORLD WAR I (WESTERN FRONT 1918),"PICARDY 1918, II",FRANCE,AMIENS OFFENSIVE,1.0,D,S,T,S,T,0.0,1.0,,,Germany,USA,,
364.0,WORLD WAR I (WESTERN FRONT 1918),ST. MIHIEL,FRANCE,ST. MIHIEL,1.0,W,,T,F,T,0.0,1.0,,,Germany,USA,,
365.0,WORLD WAR I (WESTERN FRONT 1918),LAHAYVILLE-BOIS DE LAMARCHE,FRANCE,ST. MIHIEL,1.0,W,H,T,F,T,0.0,1.0,,,Germany,USA,,
366.0,WORLD WAR I (WESTERN FRONT 1918),MEUSE-ARGONNE I,FRANCE,MEUSE-ARGONNE,1.0,D,,T,F,T,0.0,1.0,,,Germany,USA,,
367.0,WORLD WAR I (WESTERN FRONT 1918),BLANC MONT I,FRANCE,MEUSE-ARGONNE (CHAMPAGNE),1.0,D,S,T,F,T,0.0,1.0,,,Germany,USA,,
368.0,WORLD WAR I (WESTERN FRONT 1918),MEDEAH FARM,FRANCE,MEUSE-ARGONNE (CHAMPAGNE),1.0,D,S,T,F,T,0.0,1.0,,,Germany,USA,,
369.0,WORLD WAR I (WESTERN FRONT 1918),ESSEN HOOK,FRANCE,MEUSE-ARGONNE (CHAMPAGNE),1.0,D,S,T,F,T,0.0,1.0,,,Germany,USA,,
370.0,WORLD WAR I (WESTERN FRONT 1918),BLANC MONT RIDGE,FRANCE,MEUSE-ARGONNE (CHAMPAGNE),1.0,D,S,T,F,T,0.0,1.0,,,Germany,USA,,
371.0,WORLD WAR I (WESTERN FRONT 1918),SOMMEPY WOOD,FRANCE,MEUSE-ARGONNE (CHAMPAGNE),1.0,D,S,T,F,T,0.0,1.0,,,Germany,USA,,
372.0,WORLD WAR I (WESTERN FRONT 1918),BLANC MONT II,FRANCE,MEUSE-ARGONNE (CHAMPAGNE),0.0,D,S,T,F,T,0.0,1.0,,,Germany,USA,,
373.0,WORLD WAR I (WESTERN FRONT 1918),MEUSE-ARGONNE II,FRANCE,MEUSE-ARGONNE PHASE II,1.0,D,,T,F,T,0.0,1.0,,,Germany,USA,,
374.0,WORLD WAR I (WESTERN FRONT 1918),EXERMONT-MONTREFAGNE,FRANCE,MEUSE-ARGONNE PHASE II,0.0,D,,T,F,T,0.0,1.0,,,Germany,USA,,
375.0,WORLD WAR I (WESTERN FRONT 1918),MAYACHE RAVINE,FRANCE,MEUSE-ARGONNE PHASE II,0.0,D,,T,F,T,0.0,1.0,,,Germany,USA,,
376.0,WORLD WAR I (WESTERN FRONT 1918),LA NEUVILLE LE COMTE FERME,FRANCE,MEUSE-ARGONNE PHASE II,1.0,D,,T,F,T,0.0,1.0,,,Germany,USA,,
377.0,WORLD WAR I (WESTERN FRONT 1918),FERME DES GRANGES-FLEVILLE,FRANCE,MEUSE-ARGONNE PHASE II,1.0,D,,T,F,T,0.0,1.0,,,Germany,USA,,
378.0,WORLD WAR I (WESTERN FRONT 1918),HILL 212,FRANCE,MEUSE-ARGONNE PHASE II,1.0,D,,T,F,T,0.0,1.0,,,Germany,USA,,
379.0,WORLD WAR I (WESTERN FRONT 1918),BOIS DE BOYON-MONTREFAGNE,FRANCE,MEUSE-ARGONNE PHASE II,1.0,D,,T,F,T,0.0,1.0,,,Germany,USA,,
380.0,WORLD WAR I (WESTERN FRONT 1918),HILL 272,FRANCE,MEUSE-ARGONNE PHASE II,1.0,D,,T,F,T,0.0,1.0,,,Germany,USA,,
381.0,WORLD WAR I (WESTERN FRONT 1918),MEUSE-ARGONNE III,FRANCE,MEUSE-ARGONNE PHASE III,1.0,D,,T,F,T,1.0,0.0,,,France,Germany,,
382.0,WORLD WAR I (WESTERN FRONT 1918),REMILLY-AILLICOURT,FRANCE,MEUSE-ARGONNE PHASE III,1.0,W,H,T,F,T,0.0,1.0,,,Germany,USA,,
383.0,WORLD WAR I (WESTERN FRONT 1918),HILL 252-PONT MAUGIS,FRANCE,MEUSE-ARGONNE PHASE III,1.0,W,L,T,F,T,0.0,1.0,,,Germany,USA,,
384.0,WORLD WAR I,THE PIAVE,AUSTRIA,ITALIAN FRONT 1918,-1.0,W,H,T,S,T,1.0,0.0,,,Austria,Italy,,
385.0,WORLD WAR I,MEGIDDO,PALESTINE,PALESTINE 1918,1.0,D,S,T,F,T,1.0,0.0,,,Great Britain,Ottoman Empire,,
386.0,WORLD WAR II (NORTH AFRICA 1942-1943),ALAM HALFA,EGYPT,NORTH AFRICA 1942,-1.0,D,S,T,S,T,1.0,0.0,1.0,,Germany,Great Britain,Italy,
387.0,WORLD WAR II (NORTH AFRICA 1942-1943),EL ALAMEIN II,EGYPT,NORTH AFRICA 1942,1.0,D,S,T,F,T,0.0,1.0,,,Germany,Great Britain,,
388.0,WORLD WAR II (NORTH AFRICA 1942-1943),OPERATION LIGHTFOOT,EGYPT,NORTH AFRICA 1942,1.0,D,S,T,F,T,0.0,1.0,,,Germany,Great Britain,,
389.0,WORLD WAR II (NORTH AFRICA 1942-1943),ALAMEIN BRIDGEHEAD EXPANSION,EGYPT,NORTH AFRICA 1942,1.0,D,S,T,F,T,0.0,1.0,,,Germany,Great Britain,,
390.0,WORLD WAR II (NORTH AFRICA 1942-1943),OPERATION SUPERCHARGE,EGYPT,NORTH AFRICA 1942,1.0,D,S,T,F,T,0.0,1.0,,,Germany,Great Britain,,
391.0,WORLD WAR II (NORTH AFRICA 1942-1943),CHOUIGUI PASS,TUNISIA,TUNISIA 1942,-1.0,D,S,T,F,T,1.0,0.0,,,Germany,USA,,
392.0,WORLD WAR II (NORTH AFRICA 1942-1943),EL GUETTAR,TUNISIA,TUNISIA 1943,-1.0,D,S,T,$,T,1.0,0.0,,,Germany,USA,,
393.0,WORLD WAR II (NORTH AFRICA 1942-1943),SEDJANNE-BIZERTE,TUNISIA,TUNISIA 1943,1.0,D,S,T,$,T,0.0,1.0,,,Germany,USA,,
394.0,WORLD WAR II (ITALY 1943-1944),AMPHITHEATER,ITALY,SALERNO,1.0,D,S,T,F,T,0.0,1.0,,,Germany,Great Britain,,
395.0,WORLD WAR II (ITALY 1943-1944),PORT OF SALERNO,ITALY,SALERNO,1.0,D,S,T,F,T,0.0,1.0,,,Germany,Great Britain,,
396.0,WORLD WAR II (ITALY 1943-1944),SELE-CALORE CORRIDOR,ITALY,SALERNO,-1.0,D,S,T,F,T,0.0,1.0,,,Germany,USA,,
397.0,WORLD WAR II (ITALY 1943-1944),BATTIPAGLIA I,ITALY,SALERNO,-1.0,D,S,T,F,T,1.0,0.0,,,Germany,Great Britain,,
398.0,WORLD WAR II (ITALY 1943-1944),VIETRI,ITALY,SALERNO,-1.0,D,S,T,F,T,1.0,0.0,,,Germany,Great Britain,,
399.0,WORLD WAR II (ITALY 1943-1944),TOBACCO FACTORY,ITALY,SALERNO,-1.0,D,S,T,F,T,1.0,0.0,,,Germany,USA,,
400.0,WORLD WAR II (ITALY 1943-1944),BATTIPAGLIA II,ITALY,SALERNO,1.0,D,S,T,F,T,0.0,1.0,,,Germany,Great Britain,,
401.0,WORLD WAR II (ITALY 1943-1944),EBOLI,ITALY,SALERNO,1.0,D,S,T,F,T,0.0,1.0,,,Germany,USA,,
402.0,WORLD WAR II (ITALY 1943-1944),VIETRI II,ITALY,SALERNO,-1.0,D,S,T,F,T,1.0,0.0,,,Germany,Great Britain,,
403.0,WORLD WAR II (ITALY 1943-1944),GRAZZANISE,ITALY,VOLTURNO,1.0,D,S,T,F,T,0.0,1.0,,,Germany,Great Britain,,
404.0,WORLD WAR II (ITALY 1943-1944),CAIAZZO,ITALY,VOLTURNO,1.0,D,S,T,F,T,0.0,1.0,,,Germany,USA,,
405.0,WORLD WAR II (ITALY 1943-1944),CAPUA,ITALY,VOLTURNO,-1.0,D,S,T,F,T,0.0,1.0,,,Germany,Great Britain,,
406.0,WORLD WAR II (ITALY 1943-1944),CASTEL VOLTURNO,ITALY,VOLTURNO,1.0,D,S,T,F,T,0.0,1.0,,,Germany,Great Britain,,
407.0,WORLD WAR II (ITALY 1943-1944),MONTE ACERO,ITALY,VOLTURNO,1.0,D,S,T,F,T,0.0,1.0,,,Germany,USA,,
408.0,WORLD WAR II (ITALY 1943-1944),TRIFLISCO,ITALY,VOLTURNO,1.0,D,S,T,F,T,0.0,1.0,,,Germany,USA,,
409.0,WORLD WAR II (ITALY 1943-1944),DRAGONI,ITALY,VOLTURNO,-1.0,W,L,T,F,T,0.0,1.0,,,Germany,USA,,
410.0,WORLD WAR II (ITALY 1943-1944),CANAL I,ITALY,VOLTURNO,1.0,W,L,T,F,T,0.0,1.0,,,Germany,Great Britain,,
411.0,WORLD WAR II (ITALY 1943-1944),MONTE GRANDE (VOLTURNO),ITALY,VOLTURNO,1.0,W,L,T,F,T,0.0,1.0,,,Germany,Great Britain,,
412.0,WORLD WAR II (ITALY 1943-1944),CANAL II,ITALY,VOLTURNO,1.0,W,L,T,F,T,0.0,1.0,,,Germany,Great Britain,,
413.0,WORLD WAR II (ITALY 1943-1944),FRANCOLISE,ITALY,VOLTURNO,-1.0,W,L,T,F,T,0.0,1.0,,,Germany,Great Britain,,
414.0,WORLD WAR II (ITALY 1943-1944),SANTA MARIA OLIVETO,ITALY,VOLTURNO,1.0,D,S,T,F,T,0.0,1.0,,,Germany,USA,,
415.0,WORLD WAR II (ITALY 1943-1944),MONTE CAMINO I,ITALY,VOLTURNO,-1.0,W,L,T,F,T,0.0,1.0,,,Germany,Great Britain,,
416.0,WORLD WAR II (ITALY 1943-1944),MONTE LUNGO,ITALY,VOLTURNO,-1.0,D,S,T,F,T,0.0,1.0,,,Germany,USA,,
417.0,WORLD WAR II (ITALY 1943-1944),POZZILLI,ITALY,VOLTURNO,-1.0,W,L,T,F,T,0.0,1.0,,,Germany,USA,,
418.0,WORLD WAR II (ITALY 1943-1944),MONTE CAMINO II,ITALY,VOLTURNO,1.0,W,L,T,F,T,0.0,1.0,,,Germany,Germany,,
419.0,WORLD WAR II (ITALY 1943-1944),MONTE ROTONDO,ITALY,VOLTURNO,0.0,W,L,T,F,T,0.0,1.0,,,Germany,USA,,
420.0,WORLD WAR II (ITALY 1943-1944),CALABRITTO,ITALY,VOLTURNO,-1.0,W,L,T,F,T,0.0,1.0,,,Germany,Great Britain,,
421.0,WORLD WAR II (ITALY 1943-1944),MONTE CAMINO III,ITALY,VOLTURNO,1.0,W,L,T,F,T,0.0,1.0,,,Germany,Great Britain,,
422.0,WORLD WAR II (ITALY 1943-1944),MONTE MAGGIORE,ITALY,VOLTURNO,1.0,W,H,T,F,T,0.0,1.0,,,Germany,USA,,
423.0,WORLD WAR II (ITALY 1943-1944),APRILIA I,ITALY,ANZIO,1.0,W,H,T,W,T,0.0,1.0,,,Germany,Great Britain,,
424.0,WORLD WAR II (ITALY 1943-1944),THE FACTORY,ITALY,ANZIO,-1.0,D,S,C,W,T,1.0,0.0,,,Germany,Great Britain,,
425.0,WORLD WAR II (ITALY 1943-1944),CAMPOLEONE,ITALY,ANZIO,1.0,D,S,C,W,T,0.0,1.0,,,Germany,Great Britain,,
426.0,WORLD WAR II (ITALY 1943-1944),CAMPOLEONE COUNTERATTACK,ITALY,ANZIO,1.0,D,S,T,W,T,1.0,0.0,,,Germany,Great Britain,,
427.0,WORLD WAR II (ITALY 1943-1944),CARROCETO,ITALY,ANZIO,-1.0,D,S,C,W,T,1.0,0.0,,,Germany,Great Britain,,
428.0,WORLD WAR II (ITALY 1943-1944),MOLETTA RIVER DEFENSE,ITALY,ANZIO,0.0,D,S,C,W,T,1.0,0.0,,,Germany,USA,,
429.0,WORLD WAR II (ITALY 1943-1944),APRILIA II,ITALY,ANZIO,1.0,D,S,C,W,T,1.0,0.0,,,Germany,Great Britain,,
430.0,WORLD WAR II (ITALY 1943-1944),FACTORY COUNTERATTACK,ITALY,ANZIO,-1.0,W,L,T,W,T,0.0,1.0,,,Germany,USA,,
431.0,WORLD WAR II (ITALY 1943-1944),BOWLING ALLEY,ITALY,ANZIO,-1.0,D,S,T,W,T,1.0,0.0,,,Germany,USA,,
432.0,WORLD WAR II (ITALY 1943-1944),MOLETTA RIVER II,ITALY,ANZIO,1.0,D,S,C,W,T,1.0,0.0,,,Germany,Great Britain,,
433.0,WORLD WAR II (ITALY 1943-1944),FIOCCIA,ITALY,ANZIO,-1.0,W,L,T,W,T,1.0,0.0,,,Germany,USA,,
434.0,WORLD WAR II (ITALY 1944),SANTA MARIA INFANTE,ITALY,ROME,1.0,D,S,T,$,T,0.0,1.0,,,Germany,USA,,
435.0,WORLD WAR II (ITALY 1944),SAN MARTINO,ITALY,ROME,1.0,D,S,T,$,T,0.0,1.0,,,Germany,USA,,
436.0,WORLD WAR II (ITALY 1944),CASTELLONORATO,ITALY,ROME,1.0,D,S,T,$,T,0.0,1.0,,,Germany,USA,,
437.0,WORLD WAR II (ITALY 1944),SPIGNO,ITALY,ROME,1.0,D,S,T,$,T,0.0,1.0,,,Germany,USA,,
438.0,WORLD WAR II (ITALY 1944),FORMIA,ITALY,ROME,1.0,D,S,T,$,T,0.0,1.0,,,Germany,USA,,
439.0,WORLD WAR II (ITALY 1944),MONTE GRANDE (ROME),ITALY,ROME,1.0,D,S,T,$,T,0.0,1.0,,,Germany,USA,,
440.0,WORLD WAR II (ITALY 1944),ITRI-FONDI,ITALY,ROME,1.0,D,S,T,$,T,0.0,1.0,,,Germany,USA,,
441.0,WORLD WAR II (ITALY 1944),TERRACINA,ITALY,ROME,1.0,D,S,T,$,T,0.0,1.0,,,Germany,USA,,
442.0,WORLD WAR II (ITALY 1944),MOLETTA OFFENSIVE,ITALY,ROME,0.0,W,L,T,$,T,0.0,1.0,,,Germany,Great Britain,,
443.0,WORLD WAR II (ITALY 1944),ANZIO-ALBANO ROAD,ITALY,ROME,0.0,W,L,T,$,T,0.0,1.0,,,Germany,Great Britain,,
444.0,WORLD WAR II (ITALY 1944),ANZIO BREAKOUT,ITALY,ROME,1.0,W,L,T,$,T,0.0,1.0,,,Germany,USA,,
445.0,WORLD WAR II (ITALY 1944),CISTERNA,ITALY,ROME,1.0,W,L,T,$,T,0.0,1.0,,,Germany,USA,,
446.0,WORLD WAR II (ITALY 1944),SEZZE,ITALY,ROME,1.0,D,S,T,$,T,0.0,1.0,,,Germany,USA,,
447.0,WORLD WAR II (ITALY 1944),VELLETRI,ITALY,ROME,-1.0,D,S,T,$,T,0.0,1.0,,,Germany,USA,,
448.0,WORLD WAR II (ITALY 1944),CAMPOLEONE,ITALY,ROME,0.0,D,S,T,$,T,0.0,1.0,,,Germany,USA,,
449.0,WORLD WAR II (ITALY 1944),VILLA CROCETTA,ITALY,ROME,-1.0,D,S,T,$,T,0.0,1.0,,,Germany,USA,,
450.0,WORLD WAR II (ITALY 1944),ARDEA,ITALY,ROME,1.0,D,S,T,$,T,0.0,1.0,,,Germany,Great Britain,,
451.0,WORLD WAR II (ITALY 1944),FOSSO DI CAMPOLEONE,ITALY,ROME,-1.0,D,S,T,$,T,0.0,1.0,,,Germany,USA,,
452.0,WORLD WAR II (ITALY 1944),LANUVIO,ITALY,ROME,-1.0,D,S,T,$,T,0.0,1.0,,,Germany,USA,,
453.0,WORLD WAR II (ITALY 1944),LARIANO,ITALY,ROME,1.0,D,S,T,S,T,0.0,1.0,,,Germany,USA,,
454.0,WORLD WAR II (ITALY 1944),VIA ANZIATE,ITALY,ROME,0.0,D,S,T,S,T,0.0,1.0,,,Germany,USA,,
455.0,WORLD WAR II (ITALY 1944),VALMONTONE,ITALY,ROME,1.0,D,S,T,S,T,0.0,1.0,,,Germany,USA,,
456.0,WORLD WAR II (ITALY 1944),TARTO-TIBER,ITALY,ROME,1.0,D,S,T,S,T,0.0,1.0,,,Germany,Great Britain,,
457.0,WORLD WAR II (ITALY 1944),IL GIOGIO PASS,ITALY,NORTH ITALIAN,1.0,D,S,T,F,T,0.0,1.0,,,Germany,USA,,
458.0,WORLD WAR II (EUROPEAN THEATER),ST. LO,FRANCE,NORMANDY,1.0,D,,T,S,T,0.0,1.0,,,Germany,USA,,
459.0,WORLD WAR II (EUROPEAN THEATER),OPERATION GOODWOOD,FRANCE,NORMANDY,-1.0,D,S,T,S,T,0.0,1.0,,,Germany,Great Britain,,
460.0,WORLD WAR II (EUROPEAN THEATER),OPERATION COBRA,FRANCE,NORMANDY,1.0,D,S,T,S,T,0.0,1.0,,,Germany,USA,,
461.0,WORLD WAR II (EUROPEAN THEATER),MORTAIN,FRANCE,NORMANDY BREAKOUT,-1.0,D,S,T,S,T,1.0,0.0,,,Germany,USA,,
462.0,WORLD WAR II (EUROPEAN THEATER),CHARTRES,FRANCE,LE MANS TO METZ,0.0,D,S,T,S,T,0.0,1.0,,,Germany,USA,,
463.0,WORLD WAR II (EUROPEAN THEATER),MELUN,FRANCE,LE MANS TO METZ,1.0,W,L,T,S,T,0.0,1.0,,,Germany,USA,,
464.0,WORLD WAR II (EUROPEAN THEATER),SEINE RIVER,FRANCE,LE MANS TO METZ,1.0,W,L,T,S,T,0.0,1.0,,,Germany,USA,,
465.0,WORLD WAR II (EUROPEAN THEATER),MOSELLE-METZ,FRANCE,LE MANS TO METZ,0.0,W,L,T,F,T,0.0,1.0,,,Germany,USA,,
466.0,WORLD WAR II (EUROPEAN THEATER),METZ,FRANCE,LE MANS TO METZ,-1.0,W,L,T,F,T,0.0,1.0,,,Germany,USA,,
467.0,WORLD WAR II (EUROPEAN THEATER),ARRACOURT,FRANCE,NORTHWEST EUROPE 1944,-1.0,W,L,T,F,T,1.0,0.0,,,Germany,USA,,
468.0,WORLD WAR II (EUROPEAN THEATER),WESTWALL,GERMANY,AACHEN,1.0,W,L,T,F,T,0.0,1.0,,,Germany,USA,,
469.0,WORLD WAR II (EUROPEAN THEATER),SCHMIDT,GERMANY,NORTHWEST EUROPE 1944,-1.0,W,L,T,F,T,0.0,1.0,,,Germany,USA,,
470.0,WORLD WAR II (EUROPEAN THEATER),SEILLE-NIED,FRANCE,SAAR (LORRAINE),1.0,W,H,C,F,T,0.0,1.0,,,Germany,USA,,
471.0,WORLD WAR II (EUROPEAN THEATER),FORET DE CHATEAU-SALINS,FRANCE,SAAR (LORRAINE),1.0,W,H,C,F,T,0.0,1.0,,,Germany,USA,,
472.0,WORLD WAR II (EUROPEAN THEATER),MORHANGE,FRANCE,SAAR (LORRAINE),1.0,W,L,C,F,T,0.0,1.0,,,Germany,USA,,
473.0,WORLD WAR II (EUROPEAN THEATER),MORHANGE-FAULQUEMONT,FRANCE,SAAR (LORRAINE),1.0,W,L,C,F,T,0.0,1.0,,,Germany,USA,,
474.0,WORLD WAR II (EUROPEAN THEATER),BOURGALTROFF,FRANCE,SAAR (LORRAINE),1.0,W,L,C,F,T,0.0,1.0,,,Germany,USA,,
475.0,WORLD WAR II (EUROPEAN THEATER),SARRE-ST. AVOLD,FRANCE,SAAR (LORRAINE),1.0,D,,C,F,T,0.0,1.0,,,Germany,USA,,
476.0,WORLD WAR II (EUROPEAN THEATER),BAERENDORF I,FRANCE,SAAR (LORRAINE),1.0,D,,C,F,T,0.0,1.0,,,Germany,USA,,
477.0,WORLD WAR II (EUROPEAN THEATER),BAERENDORF II,FRANCE,SAAR (LORRAINE),1.0,D,,C,F,T,0.0,1.0,,,Germany,USA,,
478.0,WORLD WAR II (EUROPEAN THEATER),BURBACH-DURSTEL,FRANCE,SAAR (LORRAINE),1.0,W,L,C,F,T,0.0,1.0,,,Germany,USA,,
479.0,WORLD WAR II (EUROPEAN THEATER),DURSTEL-FAERBERSVILLER,FRANCE,SAAR (LORRAINE),0.0,W,L,C,F,T,0.0,1.0,,,Germany,USA,,
480.0,WORLD WAR II (EUROPEAN THEATER),SARRE-UNION,FRANCE,SAAR (LORRAINE),1.0,D,,T,W,T,0.0,1.0,,,Germany,USA,,
481.0,WORLD WAR II (EUROPEAN THEATER),SARRE-SINGLING,FRANCE,SAAR (LORRAINE),1.0,D,,T,F,T,0.0,1.0,,,Germany,USA,,
482.0,WORLD WAR II (EUROPEAN THEATER),SINGLING-BINING,FRANCE,SAAR (LORRAINE),0.0,W,L,C,F,T,0.0,1.0,,,Germany,USA,,
483.0,WORLD WAR II (EUROPEAN THEATER),SAUER RIVER,LUXEMBOURG,ARDENNES,1.0,W,H,C,W,T,1.0,0.0,,,Germany,USA,,
484.0,WORLD WAR II (EUROPEAN THEATER),ST. VITH,BELGIUM,ARDENNES,0.0,W,L,C,W,T,1.0,0.0,,,Germany,USA,,
485.0,WORLD WAR II (EUROPEAN THEATER),BASTOGNE,BELGIUM,ARDENNES,-1.0,W,L,C,W,T,1.0,0.0,,,Germany,USA,,
486.0,WORLD WAR II,SEDAN-MEUSE RIVER,FRANCE,FRANCE 1940,1.0,D,S,T,S,T,0.0,1.0,,,France,Germany,,
487.0,WORLD WAR II,JITRA,MALAYA,MALAYA 1941,1.0,W,H,H,W,E,0.0,1.0,,,Great Britain,Japan,,
488.0,WORLD WAR II (EASTERN FRONT),ROVNO,USSR,BARBAROSSA,1.0,D,S,T,S,T,1.0,0.0,,,Germany,USSR,,
489.0,WORLD WAR II (EASTERN FRONT),DEFENSE OF MOSCOW,USSR,TYPHOON,-1.0,D,S,C,F,T,1.0,0.0,,,Germany,USSR,,
490.0,WORLD WAR II (EASTERN FRONT),MOSCOW COUNTEROFFENSIVE,USSR,MOSCOW COUNTEROFFENSIVE,1.0,D,S,C,W,T,0.0,1.0,,,Germany,USSR,,
491.0,WORLD WAR II (EASTERN FRONT),POGORELOYE GORODISHCHE,USSR,THE RZEHW OPERATION,1.0,D,S,T,S,T,0.0,1.0,,,Germany,USSR,,
492.0,WORLD WAR II (EASTERN FRONT),LENINGRAD (OPERATION SPARK),USSR,LENINGRAD,1.0,W,L,C,W,T,0.0,1.0,,,Germany,USSR,,
493.0,WORLD WAR II (EASTERN FRONT),OBOYAN-KURSK (PHASE I),USSR,KURSK (CITADEL),1.0,D,S,T,S,T,1.0,0.0,,,Germany,USSR,,
494.0,WORLD WAR II (EASTERN FRONT),OPERATION CITADEL (SOUTHERN SECTOR),USSR,KURSK (CITADEL),1.0,W,L,T,S,T,1.0,0.0,,,Germany,USSR,,
495.0,WORLD WAR II (EASTERN FRONT),OBOYAN-KURSK (PHASE II),USSR,KURSK (CITADEL),1.0,D,S,T,S,T,1.0,0.0,,,Germany,USSR,,
496.0,WORLD WAR II (EASTERN FRONT),OBOYAN-KURSK (PHASE III),USSR,KURSK (CITADEL),-1.0,D,,T,S,T,1.0,0.0,,,Germany,USSR,,
497.0,WORLD WAR II (EASTERN FRONT),PROKHOROVKA,USSR,KURSK (CITADEL),1.0,D,S,T,S,T,0.0,1.0,,,Germany,USSR,,
498.0,WORLD WAR II (EASTERN FRONT),KURSK COUNTEROFFENSIVE (SOUTHERN SECTOR),USSR,KURSK COUNTEROFFENSIVE,1.0,D,S,T,S,T,0.0,1.0,,,Germany,USSR,,
499.0,WORLD WAR II (EASTERN FRONT),BELGOROD,USSR,KURSK COUNTEROFFENSIVE,1.0,D,S,T,S,T,0.0,1.0,,,Germany,USSR,,
500.0,WORLD WAR II (EASTERN FRONT),MELITOPOL,USSR,RACE TO THE DNIEPER,1.0,D,S,T,F,T,0.0,1.0,,,Germany,USSR,,
501.0,WORLD WAR II (EASTERN FRONT),KORSUN-SCHEVCHENKOVSKIY,USSR,UKRANIAN CAMPAIGN,1.0,W,H,C,W,T,0.0,1.0,,,Germany,USSR,,
502.0,WORLD WAR II (EASTERN FRONT),NIKOPOL BRIDGEHEAD,USSR,DNIEPER BRIDGEHEAD,1.0,W,L,C,W,T,0.0,1.0,,,Germany,USSR,,
503.0,WORLD WAR II (EASTERN FRONT),SEVASTOPOL,USSR,CRIMEA 1944,1.0,D,S,T,$,T,0.0,1.0,,,Germany,USSR,,
504.0,WORLD WAR II (EASTERN FRONT),BEREZINA RIVER,USSR,BYELORUSSIAN OFFENSIVE,1.0,D,S,T,S,T,0.0,1.0,,,Germany,USSR,,
505.0,WORLD WAR II (EASTERN FRONT),LVOV-SANDOMIERZ,USSR,LIBERATION OF E POLAND,1.0,D,S,T,S,T,0.0,1.0,,,Germany,USSR,,
506.0,WORLD WAR II (EASTERN FRONT),BRODY (PHASE I),USSR,THE LVOV-SANDOMIERZ OPERATION,1.0,D,S,T,S,T,0.0,1.0,,,Germany,USSR,,
507.0,WORLD WAR II (EASTERN FRONT),BRODY (PHASE II),USSR,THE LVOV-SANDOMIERZ OPERATION,1.0,D,S,T,S,T,0.0,1.0,,,Germany,USSR,,
508.0,WORLD WAR II (EASTERN FRONT),"VISTULA RIVER, CROSSING, PHASE I",POLAND,POLAND 1944,1.0,D,S,T,S,T,0.0,1.0,,,Germany,USSR,,
509.0,WORLD WAR II (EASTERN FRONT),"VISTULA RIVER, PULAWY, PHASE II",POLAND,POLAND 1944,-1.0,D,S,T,S,T,0.0,1.0,,,Germany,USSR,,
510.0,WORLD WAR II (EASTERN FRONT),YASSY-KISHINEV OPERATION,USSR,ROMANIA 1944,1.0,D,S,T,S,T,0.0,1.0,,,Germany,USSR,,
511.0,WORLD WAR II (EASTERN FRONT),VISTULA-ODER,USSR,LIBERATION OF W POLAND,1.0,D,S,C,W,T,0.0,1.0,,,Germany,USSR,,
512.0,WORLD WAR II (OKINAWA),EAST PRUSSIA,GERMANY,EAST PRUSSIA 1945,1.0,W,L,C,W,T,0.0,1.0,,,Germany,USSR,,
513.0,WORLD WAR II (OKINAWA),CIECHANOW (PHASE I),POLAND,RUSSIAN WINTER OFFENSIVE 1945,0.0,W,L,C,W,T,0.0,1.0,,,Germany,USSR,,
514.0,WORLD WAR II (OKINAWA),CIECHANOW (PHASE II),POLAND,RUSSIAN WINTER OFFENSIVE 1945,1.0,W,L,C,W,T,0.0,1.0,,,Germany,USSR,,
515.0,WORLD WAR II (OKINAWA),SEELOW HEIGHTS,GERMANY,BERLIN 1945,1.0,D,S,T,$,T,0.0,1.0,,,Germany,USSR,,
516.0,WORLD WAR II (OKINAWA),MUTANKIANG,MANCHURIA,MANCHURIA 1945,1.0,W,L,T,S,T,0.0,1.0,,,Japan,USSR,,
517.0,WORLD WAR II (OKINAWA),TARAWA-BETIO,JAPAN,CENTRAL PACIFIC,1.0,D,S,T,F,T,0.0,1.0,,,Japan,USA,,
518.0,WORLD WAR II (OKINAWA),IWO JIMA - INTO THE MAIN DEFENSES,JAPAN,BONIN ISLANDS,1.0,D,S,T,W,T,0.0,1.0,,,Japan,USA,,
519.0,WORLD WAR II (OKINAWA),IWO JIMA - SURIBACHI,JAPAN,BONIN ISLANDS,1.0,D,S,T,W,T,0.0,1.0,,,Japan,USA,,
520.0,WORLD WAR II (OKINAWA),IWO JIMA - FINAL PHASE,JAPAN,BONIN ISLANDS,1.0,D,S,T,$,T,0.0,1.0,,,Japan,USA,,
521.0,WORLD WAR II (OKINAWA),ADVANCE FROM THE BEACHHEAD,OKINAWA,OKINAWA (US 7TH INF DIV SECTOR),1.0,D,S,T,$,T,0.0,1.0,,,Japan,USA,,
522.0,WORLD WAR II (OKINAWA),ADVANCE THROUGH THE OUTPOSTS,OKINAWA,OKINAWA (US 7TH INF DIV SECTOR),1.0,D,,T,$,T,0.0,1.0,,,Japan,USA,,
523.0,WORLD WAR II (OKINAWA),TOMB HILL-OUKI,OKINAWA,OKINAWA (US 7TH INF DIV SECTOR),1.0,W,H,T,$,T,0.0,1.0,,,Japan,USA,,
524.0,WORLD WAR II (OKINAWA),SKYLINE RIDGE-ROCKY CRAGS,OKINAWA,OKINAWA (US 7TH INF DIV SECTOR),1.0,D,S,T,$,T,0.0,1.0,,,Japan,USA,,
525.0,WORLD WAR II (OKINAWA),KOCHI RIDGE-ONAGA I,OKINAWA,OKINAWA (US 7TH INF DIV SECTOR),-1.0,W,L,T,$,T,0.0,1.0,,,Japan,USA,,
526.0,WORLD WAR II (OKINAWA),KOCHI RIDGE-ONAGA II,OKINAWA,OKINAWA (US 7TH INF DIV SECTOR),-1.0,D,S,T,$,T,0.0,1.0,,,Japan,USA,,
527.0,WORLD WAR II (OKINAWA),KOCHI RIDGE-ONAGA III,OKINAWA,OKINAWA (US 7TH INF DIV SECTOR),-1.0,D,S,T,$,T,0.0,1.0,,,Japan,USA,,
528.0,WORLD WAR II (OKINAWA),JAPANESE COUNTERATTACK,OKINAWA,OKINAWA (US 7TH INF DIV SECTOR),-1.0,D,S,T,$,T,1.0,0.0,,,Japan,USA,,
529.0,WORLD WAR II (OKINAWA),KOCHI RIDGE IV,OKINAWA,OKINAWA (US 7TH INF DIV SECTOR),1.0,D,S,T,$,T,0.0,1.0,,,Japan,USA,,
530.0,WORLD WAR II (OKINAWA),SHURI ENVELOPMENT (PHASE I),OKINAWA,OKINAWA (US 7TH INF DIV SECTOR),1.0,W,H,T,$,T,0.0,1.0,,,Japan,USA,,
531.0,WORLD WAR II (OKINAWA),JAPANESE COUNTERATTACKS,OKINAWA,OKINAWA (US 7TH INF DIV SECTOR),-1.0,W,L,T,$,T,1.0,0.0,,,Japan,USA,,
532.0,WORLD WAR II (OKINAWA),SHURI ENVELOPMENT (PHASE II),OKINAWA,OKINAWA (US 7TH INF DIV SECTOR),-1.0,W,H,T,$,T,0.0,1.0,,,Japan,USA,,
533.0,WORLD WAR II (OKINAWA),SHURI ENVELOPMENT (PHASE III),OKINAWA,OKINAWA (US 7TH INF DIV SECTOR),1.0,W,H,T,$,T,0.0,1.0,,,Japan,USA,,
534.0,WORLD WAR II (OKINAWA),HILL 95-I,OKINAWA,OKINAWA (US 7TH INF DIV SECTOR),0.0,D,S,T,S,T,0.0,1.0,,,Japan,USA,,
535.0,WORLD WAR II (OKINAWA),HILL 95-II,OKINAWA,OKINAWA (US 7TH INF DIV SECTOR),1.0,D,S,T,S,T,0.0,1.0,,,Japan,USA,,
536.0,WORLD WAR II (OKINAWA),YAEJU-DAKE,OKINAWA,OKINAWA (US 7TH INF DIV SECTOR),1.0,D,S,T,S,T,0.0,1.0,,,Japan,USA,,
537.0,WORLD WAR II (OKINAWA),HILLS 153 AND 115,OKINAWA,OKINAWA (US 7TH INF DIV SECTOR),1.0,D,S,T,S,T,0.0,1.0,,,Japan,USA,,
538.0,WORLD WAR II (OKINAWA),ADVANCE FROM THE BEACH,OKINAWA,OKINAWA (US 96TH INF DIV SECTOR),1.0,D,S,T,$,T,0.0,1.0,,,Japan,USA,,
539.0,WORLD WAR II (OKINAWA),ADVANCE TO SHURI LINE OUTPOSTS,OKINAWA,OKINAWA (US 96TH INF DIV SECTOR),1.0,D,,T,$,T,0.0,1.0,,,Japan,USA,,
540.0,WORLD WAR II (OKINAWA),KAKAZU AND TOMBSTONE RIDGES,OKINAWA,OKINAWA (US 96TH INF DIV SECTOR),-1.0,W,H,T,$,T,0.0,1.0,,,Japan,USA,,
541.0,WORLD WAR II (OKINAWA),NISHIBARU RIDGE-TANABARU ESCARPMENT,OKINAWA,OKINAWA (US 96TH INF DIV SECTOR),1.0,D,S,T,$,T,0.0,1.0,,,Japan,USA,,
542.0,WORLD WAR II (OKINAWA),MAEDA ESCARPMENT,OKINAWA,OKINAWA (US 96TH INF DIV SECTOR),1.0,W,H,T,$,T,0.0,1.0,,,Japan,USA,,
543.0,WORLD WAR II (OKINAWA),ATTACK ON SHURI LINE'S EASTERN FLANK I,OKINAWA,OKINAWA (US 96TH INF DIV SECTOR),0.0,D,S,T,$,T,0.0,1.0,,,Japan,USA,,
544.0,WORLD WAR II (OKINAWA),ATTACK ON SHURI LINE'S EASTERN FLANK II,OKINAWA,OKINAWA (US 96TH INF DIV SECTOR),0.0,D,S,T,$,T,0.0,1.0,,,Japan,USA,,
545.0,WORLD WAR II (OKINAWA),ATTACK ON SHURI LINE'S EASTERN FLANK III,OKINAWA,OKINAWA (US 96TH INF DIV SECTOR),1.0,W,L,T,$,T,0.0,1.0,,,Japan,USA,,
546.0,WORLD WAR II (OKINAWA),ADVANCE TO YUZA-DAKE/YAEJU-DAKE ESCARPMENT,OKINAWA,OKINAWA (US 96TH INF DIV SECTOR),1.0,D,S,T,S,T,0.0,1.0,,,Japan,USA,,
547.0,WORLD WAR II (OKINAWA),ATTACK ON YUZA-DAKE/YAEJU-DAKE ESCARPMENT,OKINAWA,OKINAWA (US 96TH INF DIV SECTOR),0.0,D,,T,S,T,0.0,1.0,,,Japan,USA,,
548.0,WORLD WAR II (OKINAWA),CAPTURE OF YUZA-DAKE/YAEJU-DAKE ESCARPMENT,OKINAWA,OKINAWA (US 96TH INF DIV SECTOR),1.0,D,S,T,S,T,0.0,1.0,,,Japan,USA,,
549.0,"ARAB-ISRAELI WAR, 1967 (SIX-DAY WAR)",JENIN,JORDAN,WEST BANK,1.0,D,S,H,S,T,1.0,0.0,,,Israel,Jordan,,
550.0,"ARAB-ISRAELI WAR, 1967 (SIX-DAY WAR)",JERUSALEM,JORDAN,WEST BANK,1.0,D,S,H,S,T,1.0,0.0,,,Israel,Jordan,,
551.0,"ARAB-ISRAELI WAR, 1967 (SIX-DAY WAR)",KABATIYA,JORDAN,WEST BANK,1.0,D,S,H,S,T,1.0,0.0,,,Israel,Jordan,,
552.0,"ARAB-ISRAELI WAR, 1967 (SIX-DAY WAR)",TILFIT-ZABABIDA,JORDAN,WEST BANK,1.0,D,S,H,S,T,1.0,0.0,,,Israel,Jordan,,
553.0,"ARAB-ISRAELI WAR, 1967 (SIX-DAY WAR)",NABLUS,JORDAN,WEST BANK,1.0,D,S,H,S,T,1.0,0.0,,,Israel,Jordan,,
554.0,"ARAB-ISRAELI WAR, 1967 (SIX-DAY WAR)",RAFAH,EGYPT,SINAI,1.0,D,S,H,S,T,0.0,1.0,,,Egypt,Israel,,
555.0,"ARAB-ISRAELI WAR, 1967 (SIX-DAY WAR)",BIR LAHFAN,EGYPT,SINAI,1.0,D,S,H,S,T,0.0,1.0,,,Egypt,Israel,,
556.0,"ARAB-ISRAELI WAR, 1967 (SIX-DAY WAR)",ABU AGEILA-UM KATEF,EGYPT,SINAI,1.0,D,S,H,S,T,0.0,1.0,,,Egypt,Israel,,
557.0,"ARAB-ISRAELI WAR, 1967 (SIX-DAY WAR)",EL ARISH,EGYPT,SINAI,1.0,D,S,H,S,T,0.0,1.0,,,Egypt,Israel,,
558.0,"ARAB-ISRAELI WAR, 1967 (SIX-DAY WAR)",JEBEL LIBNI,EGYPT,SINAI,0.0,D,S,H,S,T,0.0,1.0,,,Egypt,Israel,,
559.0,"ARAB-ISRAELI WAR, 1967 (SIX-DAY WAR)",GAZA STRIP,EGYPT,SINAI,1.0,D,S,H,S,T,1.0,0.0,,,Israel,Palestine,,
560.0,"ARAB-ISRAELI WAR, 1967 (SIX-DAY WAR)",BIR HASSNA-BIR THAMADA,EGYPT,SINAI,1.0,D,S,H,S,T,0.0,1.0,,,Egypt,Israel,,
561.0,"ARAB-ISRAELI WAR, 1967 (SIX-DAY WAR)",MITLA PASS,EGYPT,SINAI,-1.0,D,S,H,S,T,1.0,0.0,,,Egypt,Israel,,
562.0,"ARAB-ISRAELI WAR, 1967 (SIX-DAY WAR)",BIR HAMMA-BIR GIFGAFA,EGYPT,SINAI,1.0,D,S,H,S,T,0.0,1.0,,,Egypt,Israel,,
563.0,"ARAB-ISRAELI WAR, 1967 (SIX-DAY WAR)",NAKHL,EGYPT,SINAI,1.0,D,S,H,S,T,0.0,1.0,,,Egypt,Israel,,
564.0,"ARAB-ISRAELI WAR, 1967 (SIX-DAY WAR)",BIR GIFGAFA,EGYPT,SINAI,-1.0,D,S,H,S,T,1.0,0.0,,,Egypt,Israel,,
565.0,"ARAB-ISRAELI WAR, 1967 (SIX-DAY WAR)",TEL FAHAR-BANIAS,SYRIA,GOLAN,1.0,D,S,H,S,T,1.0,0.0,,,Israel,Syria,,
566.0,"ARAB-ISRAELI WAR, 1967 (SIX-DAY WAR)",RAWIYEH,SYRIA,GOLAN,1.0,D,S,H,S,T,1.0,0.0,,,Israel,Syria,,
567.0,"ARAB-ISRAELI WAR, 1967 (SIX-DAY WAR)",ZAOURA-KALA,SYRIA,GOLAN,1.0,D,S,H,S,T,1.0,0.0,,,Israel,Syria,,
568.0,"ARAB-ISRAELI WAR, 1968",KERAMA,JORDAN,JORDAN VALLEY,0.0,D,S,T,$,T,1.0,0.0,,,Israel,Jordan,,
569.0,"ARAB-ISRAELI WAR, 1973 (OCTOBER WAR)","SUEZ CANAL ASSAULT, NORTH",EGYPT,SUEZ 1973,1.0,D,S,H,F,T,1.0,0.0,,,Egypt,Israel,,
570.0,"ARAB-ISRAELI WAR, 1973 (OCTOBER WAR)","SUEZ CANAL ASSAULT, SOUTH",EGYPT,SUEZ 1973,1.0,D,S,H,F,T,1.0,0.0,,,Egypt,Israel,,
571.0,"ARAB-ISRAELI WAR, 1973 (OCTOBER WAR)",SECOND ARMY BUILDUP,EGYPT,SUEZ 1973,1.0,D,S,H,F,T,1.0,0.0,,,Egypt,Israel,,
572.0,"ARAB-ISRAELI WAR, 1973 (OCTOBER WAR)",THIRD ARMY BUILDUP,EGYPT,SUEZ 1973,1.0,D,S,H,F,T,1.0,0.0,,,Egypt,Israel,,
573.0,"ARAB-ISRAELI WAR, 1973 (OCTOBER WAR)",KANTARA-FIRDAN,EGYPT,SUEZ 1973,-1.0,D,S,H,F,T,0.0,1.0,,,Egypt,Israel,,
574.0,"ARAB-ISRAELI WAR, 1973 (OCTOBER WAR)","EGYPTIAN OFFENSIVE, NORTH",EGYPT,SUEZ 1973,-1.0,D,S,H,F,T,1.0,0.0,,,Egypt,Israel,,
575.0,"ARAB-ISRAELI WAR, 1973 (OCTOBER WAR)","EGYPTIAN OFFENSIVE, SOUTH",EGYPT,SUEZ 1973,-1.0,D,S,H,F,T,1.0,0.0,,,Egypt,Israel,,
576.0,"ARAB-ISRAELI WAR, 1973 (OCTOBER WAR)",DEVERSOIR (CHINESE FARM I),EGYPT,SUEZ 1973,1.0,D,S,H,F,T,0.0,1.0,,,Egypt,Israel,,
577.0,"ARAB-ISRAELI WAR, 1973 (OCTOBER WAR)",DEVERSOIR (CHINESE FARM II),EGYPT,SUEZ 1973,1.0,D,S,H,F,T,0.0,1.0,,,Egypt,Israel,,
578.0,"ARAB-ISRAELI WAR, 1973 (OCTOBER WAR)",DEVERSOIR WEST,EGYPT,SUEZ 1973,1.0,D,S,H,F,T,0.0,1.0,,,Egypt,Israel,,
579.0,"ARAB-ISRAELI WAR, 1973 (OCTOBER WAR)",ISMAILIA,EGYPT,SUEZ 1973,-1.0,D,S,H,F,T,0.0,1.0,,,Egypt,Israel,,
580.0,"ARAB-ISRAELI WAR, 1973 (OCTOBER WAR)",JEBEL GENEIFA,EGYPT,SUEZ 1973,1.0,D,S,H,F,T,0.0,1.0,,,Egypt,Israel,,
581.0,"ARAB-ISRAELI WAR, 1973 (OCTOBER WAR)",SHALLUFA I,EGYPT,SUEZ 1973,1.0,D,S,H,F,T,0.0,1.0,,,Egypt,Israel,,
582.0,"ARAB-ISRAELI WAR, 1973 (OCTOBER WAR)",SHALLUFA II,EGYPT,SUEZ 1973,1.0,D,S,H,F,T,0.0,1.0,,,Egypt,Israel,,
583.0,"ARAB-ISRAELI WAR, 1973 (OCTOBER WAR)",SUEZ,EGYPT,SUEZ 1973,-1.0,D,S,H,F,T,0.0,1.0,,,Egypt,Israel,,
584.0,"ARAB-ISRAELI WAR, 1973 (OCTOBER WAR)",ADABIYA,EGYPT,SUEZ 1973,1.0,D,S,H,F,T,0.0,1.0,,,Egypt,Israel,,
585.0,"ARAB-ISRAELI WAR, 1973 (OCTOBER WAR)",KUNEITRA,SYRIA,GOLAN,0.0,D,S,H,F,T,0.0,1.0,,,Israel,Syria,,
586.0,"ARAB-ISRAELI WAR, 1973 (OCTOBER WAR)",AHMADIYEH,SYRIA,GOLAN,-1.0,D,S,H,F,T,0.0,1.0,,,Israel,Syria,,
587.0,"ARAB-ISRAELI WAR, 1973 (OCTOBER WAR)",RAFID,SYRIA,GOLAN,1.0,D,S,H,F,T,0.0,1.0,,,Israel,Syria,,
588.0,"ARAB-ISRAELI WAR, 1973 (OCTOBER WAR)",YEHUDA-EL AL,SYRIA,GOLAN,-1.0,D,S,H,F,T,0.0,1.0,,,Israel,Syria,,
589.0,"ARAB-ISRAELI WAR, 1973 (OCTOBER WAR)",NAFEKH,SYRIA,GOLAN,-1.0,D,S,T,F,T,0.0,1.0,,,Israel,Syria,,
590.0,"ARAB-ISRAELI WAR, 1973 (OCTOBER WAR)",TEL FARRIS,SYRIA,GOLAN,1.0,D,S,H,F,T,1.0,0.0,,,Israel,Syria,,
591.0,"ARAB-ISRAELI WAR, 1973 (OCTOBER WAR)",HUSHNIYAH,SYRIA,GOLAN,1.0,D,S,H,F,T,1.0,0.0,,,Israel,Syria,,
592.0,"ARAB-ISRAELI WAR, 1973 (OCTOBER WAR)",MOUNT HERMONIT,SYRIA,GOLAN,-1.0,D,S,H,F,T,0.0,1.0,,,Israel,Syria,,
593.0,"ARAB-ISRAELI WAR, 1973 (OCTOBER WAR)",MOUNT HERMON I,SYRIA,GOLAN,-1.0,D,S,H,F,T,1.0,0.0,,,Israel,Syria,,
594.0,"ARAB-ISRAELI WAR, 1973 (OCTOBER WAR)",TEL SHAMS,SYRIA,GOLAN,1.0,D,S,H,F,T,1.0,0.0,,,Israel,Syria,,
595.0,"ARAB-ISRAELI WAR, 1973 (OCTOBER WAR)",TEL SHAAR,SYRIA,GOLAN,1.0,D,S,H,F,T,1.0,0.0,,,Israel,Syria,,
596.0,"ARAB-ISRAELI WAR, 1973 (OCTOBER WAR)",TEL EL HARA,SYRIA,GOLAN,-1.0,D,S,H,F,T,1.0,0.0,,,Iraq,Israel,,
597.0,"ARAB-ISRAELI WAR, 1973 (OCTOBER WAR)",KFAR SHAMS-TEL ANTAR,SYRIA,GOLAN,1.0,D,S,H,F,T,0.0,1.0,,,Israel,Israel,,
598.0,"ARAB-ISRAELI WAR, 1973 (OCTOBER WAR)",NABA,SYRIA,GOLAN,-1.0,D,S,H,F,T,0.0,1.0,,,Israel,Jordan,,
599.0,"ARAB-ISRAELI WAR, 1973 (OCTOBER WAR)",ARAB COUNTEROFFENSIVE,SYRIA,GOLAN,-1.0,D,S,H,F,T,0.0,1.0,,,Israel,Syria,,
600.0,"ARAB-ISRAELI WAR, 1973 (OCTOBER WAR)",MOUNT HERMON II,SYRIA,GOLAN,-1.0,D,S,H,F,T,1.0,0.0,,,Israel,Syria,,
601.0,"ARAB-ISRAELI WAR, 1973 (OCTOBER WAR)",MOUNT HERMON III,SYRIA,GOLAN,1.0,D,S,H,F,T,1.0,0.0,,,Israel,Syria,,
602.0,WORLD WAR II,SIDI BOU ZID I,TUNISIA,NORTHWEST AFRICA,1.0,D,S,C,W,D,1.0,0.0,,,Germany,USA,,
603.0,WORLD WAR II,SIDI BOU ZID II,TUNISIA,NORTHWEST AFRICA,-1.0,D,,C,W,D,0.0,1.0,,,Germany,USA,,
604.0,WORLD WAR II,KASSERINE PASS,TUNISIA,NORTHWEST AFRICA,1.0,W,H,C,W,D,1.0,0.0,,,Germany,USA,,
605.0,WORLD WAR II,RAPIDO NORTH I,ITALY,CASSINO,-1.0,W,,C,W,T,0.0,1.0,,,Germany,USA,,
606.0,WORLD WAR II,RAPIDO NORTH II,ITALY,CASSINO,-1.0,W,,C,W,T,0.0,1.0,,,Germany,USA,,
607.0,WORLD WAR II,RAPIDO SOUTH I,ITALY,CASSINO,-1.0,W,,C,W,T,0.0,1.0,,,Germany,USA,,
608.0,WORLD WAR II,RAPIDO SOUTH II,ITALY,CASSINO,-1.0,W,,C,W,T,0.0,1.0,,,Germany,USA,,
609.0,WORLD WAR II (EUROPEAN THEATER),BOWLING ALLEY I,ITALY,ANZIO,-1.0,D,S,T,W,T,1.0,0.0,,,Germany,USA,,
610.0,WORLD WAR II (EUROPEAN THEATER),BOWLING ALLEY II,ITALY,ANZIO,1.0,D,S,T,W,T,1.0,0.0,,,Germany,USA,,
611.0,WORLD WAR II (EUROPEAN THEATER),BOWLING ALLEY III,ITALY,ANZIO,-1.0,D,S,T,W,T,1.0,0.0,,,Germany,USA,,
612.0,WORLD WAR II (EUROPEAN THEATER),MORTAIN I,FRANCE,NORMANDY,-1.0,D,S,T,S,T,1.0,0.0,,,Germany,USA,,
613.0,WORLD WAR II (EUROPEAN THEATER),MORTAIN II,FRANCE,NORMANDY,-1.0,D,S,T,S,T,1.0,0.0,,,Germany,USA,,
614.0,WORLD WAR II,SCHMIDT I,GERMANY,SIEGFRIED LINE,-1.0,W,L,T,F,T,0.0,1.0,,,Germany,USA,,
615.0,WORLD WAR II,SCHMIDT II,GERMANY,SIEGFRIED LINE,-1.0,W,L,T,F,T,0.0,1.0,,,Germany,USA,,
616.0,WORLD WAR II,SCHMIDT III,GERMANY,SIEGFRIED LINE,-1.0,W,L,T,F,T,0.0,1.0,,,Germany,USA,,
617.0,WORLD WAR II,WAHLERSCHEID,GERMANY,SIEGFRIED LINE,1.0,W,L,C,W,T,0.0,1.0,,,Germany,USA,,
618.0,WORLD WAR II (EUROPEAN THEATER),KRINKELT-ROCHERATH I,BELGIUM,ARDENNES,1.0,W,L,C,W,T,1.0,0.0,,,Germany,USA,,
619.0,WORLD WAR II (EUROPEAN THEATER),KRINKELT-ROCHERATH II,BELGIUM,ARDENNES,-1.0,W,L,C,W,T,1.0,0.0,,,Germany,USA,,
620.0,WORLD WAR II (EUROPEAN THEATER),SCHNEE EIFEL CENTER,GERMANY,ARDENNES,1.0,D,,C,W,T,1.0,0.0,,,Germany,USA,,
621.0,WORLD WAR II (EUROPEAN THEATER),SCHNEE EIFEL SOUTH,GERMANY,ARDENNES,1.0,D,,C,W,T,1.0,0.0,,,Germany,USA,,
622.0,WORLD WAR II (EUROPEAN THEATER),SCHNEE EIFEL NORTH I,GERMANY,ARDENNES,1.0,D,,C,W,T,1.0,0.0,,,Germany,USA,,
623.0,WORLD WAR II (EUROPEAN THEATER),SCHNEE EIFEL NORTH II,GERMANY,ARDENNES,1.0,D,,C,W,T,1.0,0.0,,,Germany,USA,,
624.0,WORLD WAR II (EUROPEAN THEATER),OUR RIVER CENTER,LUXEMBOURG,ARDENNES,1.0,D,,C,W,T,1.0,0.0,,,Germany,USA,,
625.0,WORLD WAR II (EUROPEAN THEATER),OUR RIVER NORTH,LUXEMBOURG,ARDENNES,1.0,D,,C,W,T,1.0,0.0,,,Germany,USA,,
626.0,KOREAN WAR,PUSAN PERIMETER,KOREA,PUSAN PERIMETER,-1.0,W,L,T,F,T,1.0,0.0,,,North Korea,USA,,
627.0,KOREAN WAR,PUSAN BREAKOUT,KOREA,PUSAN BREAKOUT,1.0,D,,T,F,T,0.0,1.0,,,North Korea,USA,,
628.0,KOREAN WAR,NAM RIVER,KOREA,NAM RIVER,1.0,D,,T,F,T,0.0,1.0,,,North Korea,USA,,
629.0,KOREAN WAR,KUNSON,KOREA,KUNSON,1.0,D,,T,F,T,0.0,1.0,,,North Korea,USA,,
630.0,KOREAN WAR,BUTTE LINE,KOREA,BUTTE LINE,1.0,D,,T,W,T,0.0,1.0,,,North Korea,USA,,
631.0,KOREAN WAR,HAN RIVER,KOREA,HAN RIVER,1.0,D,,T,$,T,0.0,1.0,,,North Korea,USA,,
632.0,KOREAN WAR,CHAN RIVER,KOREA,CHAN RIVER,1.0,W,L,T,$,T,0.0,1.0,,,North Korea,USA,,
633.0,KOREAN WAR,PIERCE LINE,KOREA,PIERCE LINE,1.0,W,L,T,$,T,0.0,1.0,,,North Korea,USA,,
634.0,KOREAN WAR,KANSAS LINE,KOREA,KANSAS LINE,1.0,W,L,T,$,T,1.0,0.0,,,North Korea,USA,,
635.0,KOREAN WAR,IRON TRIANGLE,KOREA,IRON TRIANGLE,-1.0,W,H,T,S,T,1.0,0.0,,,North Korea,USA,,
636.0,KOREAN WAR,BAYONETTE LINE,KOREA,BAYONETTE LINE,1.0,W,L,T,S,T,0.0,1.0,,,North Korea,USA,,
637.0,WORLD WAR II,TARGUL FRUMOS,SOVIET UNION,TARGUL FRUMOS,-1.0,W,L,T,$,T,0.0,1.0,,,Germany,USSR,,
638.0,"ARAB-ISRAELI, 1948",MISHMAR HAYARDEN 1,GOLAN,MISHMAR HAYARDEN 1,1.0,D,,H,S,D,0.0,1.0,,,Israel,Syria,,
639.0,"ARAB-ISRAELI, 1948",MISHMAR HAYARDEN 2,GOLAN,MISHMAR HAYARDEN 2,-1.0,D,,H,S,D,0.0,1.0,,,Israel,Syria,,
640.0,"ARAB-ISRAELI, 1948",HIRAM,GOLAN,HIRAM,-1.0,D,,H,F,D,1.0,0.0,,,Israel,Syria,,
641.0,"ARAB-ISRAELI WAR, 1967 (SIX-DAY WAR)",BANIAS-MASAADA,GOLAN,BANIAS-MASAADA,1.0,D,,H,S,D,1.0,0.0,,,Israel,Syria,,
642.0,"ARAB-ISRAELI WAR, 1967 (SIX-DAY WAR)",BOUTMIYA,GOLAN,BOUTMIYA,1.0,D,,H,S,D,1.0,0.0,,,Israel,Syria,,
643.0,"ARAB-ISRAELI WAR, 1967 (SIX-DAY WAR)",KUNEITRA,GOLAN,KUNEITRA,1.0,D,,H,S,D,1.0,0.0,,,Israel,Syria,,
644.0,WORLD WAR II,TARTO-TIBER,ITALY,TARTO-TIBER,1.0,D,,T,$,T,0.0,1.0,,,Germany,Great Britain,,
645.0,"ISRAEL-LEBANON, 1982",BEKKA VALLEY,LEBANON,BEKKA VALLEY,1.0,D,,H,S,D,1.0,0.0,,,Israel,Syria,,
646.0,"ARAB-ISRAELI, 1948",ACRE,SINAI,ACRE,1.0,D,,T,$,D,0.0,1.0,,,Egypt,Israel,,
647.0,"ARAB-ISRAELI, 1948",DEATH TO INVADER,SINAI,DEATH TO INVADER,1.0,D,,H,S,D,0.0,1.0,,,Egypt,Israel,,
648.0,"ARAB-ISRAELI, 1948",EL AUJA (AYIN),SINAI,EL AUJA (AYIN),1.0,D,,T,W,D,0.0,1.0,,,Egypt,Israel,,
649.0,"ARAB-ISRAELI, 1948",AGEILA-RAFAH (AYIN),SINAI,AGEILA-RAFAH (AYIN),1.0,D,,T,W,D,0.0,1.0,,,Egypt,Israel,,
650.0,"ARAB-ISRAELI, 1956",ABU AGELIA-UM KATEF,SINAI,ABU AGELIA-UM KATEF,-1.0,D,,H,F,D,0.0,1.0,,,Egypt,Israel,,
651.0,"ARAB-ISRAELI, 1956",BIR RUD SALIM,SINAI,BIR RUD SALIM,1.0,D,,H,F,D,0.0,1.0,,,Egypt,Israel,,
652.0,"ARAB-ISRAELI, 1956",RAFAH-EL ARISH,SINAI,RAFAH-EL ARISH,1.0,D,,H,F,D,0.0,1.0,,,Egypt,Israel,,
653.0,"ARAB-ISRAELI, 1956",GAZA-KHAN YUNIS,SINAI,GAZA-KHAN YUNIS,1.0,D,,H,F,D,0.0,1.0,,,Egypt,Israel,,
654.0,VIET NAM,QUANG TRI,VIET NAM,QUANG TRI,1.0,D,,T,$,E,1.0,0.0,,,North Vietnam,South Vietnam,,
655.0,"ARAB-ISRAELI, 1948",JERUSALEM (JEBUSSI),WEST BANK,JERUSALEM (JEBUSSI),0.0,D,,T,$,D,1.0,0.0,,,Israel,Jordan,,
656.0,"ARAB-ISRAELI, 1948",JERUSALEM CORRIDOR,WEST BANK,JERUSALEM CORRIDOR,-1.0,D,,H,S,D,1.0,0.0,,,Israel,Jordan,,
657.0,WORLD WAR II,ARDENNES,NORTHWEST EUROPE,ARDENNES 1940,1.0,W,L,T,$,T,0.0,1.0,,,France,Germany,,
658.0,WORLD WAR II,CAMBRAI,NORTHWEST EUROPE,CAMBRAI,1.0,W,L,T,$,T,0.0,1.0,,,France,Germany,,
659.0,WORLD WAR II,ARRAS,NORTHWEST EUROPE,ARRAS,-1.0,D,,T,$,T,0.0,1.0,,,Germany,Great Britain,,
660.0,WORLD WAR II,BOOS,NORTHWEST EUROPE,BOOS,0.0,W,L,T,S,T,1.0,0.0,,,France,Germany,,
